uri,name,dynasty,ocre,AV,AR,AE,worn,notes,year
http://nomisma.org/id/julius_caesar,Julius Caesar,Julio-Claudian,http://numismatics.org/ocre/results?q=portrait_facet:%22Julius Caesar%22,http://ww2.smb.museum/mk_edit/images/n6/6967/rs_opt.jpg,http://ww2.smb.museum/mk_edit/images/n7/7965/rs_opt.jpg,,http://numismatics.org/collectionimages/19501999/1951/1951.61.29.obv.width350.jpg,"Portrait of Julius Caesar is on Rev. (AV, AR)",17 BC/98 AD- 117 AD
http://nomisma.org/id/julia_daughter_of_augustus,Julia the Elder,Julio-Claudian,http://numismatics.org/ocre/results?q=portrait_facet:%22Julia the Elder%22,,http://ww2.smb.museum/mk_edit/images/n2/2562/rs_opt.jpg,,,Portrait of Julia the Elder on Rev. (AR),13 BC- 4 AD
http://nomisma.org/id/augustus,Augustus,Julio-Claudian,http://numismatics.org/ocre/results?q=portrait_facet:%22Augustus%22,http://ww2.smb.museum/mk_edit/images/n6/6978/vs_opt.jpg|http://numismatics.org/collectionimages/19501999/1967/1967.153.106.obv.width350.jpg,http://numismatics.org/collectionimages/19001949/1937/1937.158.453.obv.width350.jpg|http://ww2.smb.museum/mk_edit/images/n7/7692/vs_opt.jpg|http://numismatics.org/collectionimages/19501999/1954/1954.203.149.obv.width350.jpg,http://numismatics.org/collectionimages/19001949/1944/1944.100.39016.obv.width350.jpg,http://numismatics.org/collectionimages/19001949/1948/1948.4.91.obv.width350.jpg,,27 BC- 14 AD
http://nomisma.org/id/agrippa,Agrippa,Julio-Claudian,http://numismatics.org/ocre/results?q=portrait_facet:%22Agrippa%22,,http://ww2.smb.museum/mk_edit/images/n7/7326/rs_opt.jpg,http://ww2.smb.museum/mk_edit/images/n4/4567/vs_opt.jpg,http://ww2.smb.museum/mk_edit/images/n10/10853/vs_opt.jpg,"Portrait of Agrippa is on Rev. (AV, AR)",20 BC- 82 AD
http://nomisma.org/id/livia,Livia,Julio-Claudian,http://numismatics.org/ocre/results?q=portrait_facet:%22Livia%22,,,http://numismatics.org/collectionimages/19501999/1951/1951.61.50.obv.width350.jpg|http://numismatics.org/collectionimages/19001949/1944/1944.100.41827.obv.width350.jpg,http://ww2.smb.museum/mk_edit/images/n29/29123/vs_opt.jpg,"Portrait of Livia on Rev. (AV, AR)",68 AD- 69 AD/80 AD-81 AD/98 AD- 117AD
http://nomisma.org/id/nero_claudius_drusus,Drusus the Elder (Nero Claudius Drusus),Julio-Claudian,http://numismatics.org/ocre/results?q=portrait_facet:%22Drusus the Elder%22,http://numismatics.org/collectionimages/19501999/1967/1967.153.202.obv.width350.jpg,http://ww2.smb.museum/mk_edit/images/n11/11051/vs_opt.jpg,http://numismatics.org/collectionimages/19001949/1948/1948.19.1053.obv.width350.jpg,http://numismatics.org/collectionimages/19501999/1953/1953.171.1134.obv.width350.jpg,,37 AD- 81 AD
http://nomisma.org/id/gaius_caesar,Gaius Caesar,Julio-Claudian,http://numismatics.org/ocre/results?q=portrait_facet:%22Gaius Caesar%22,,http://ww2.smb.museum/mk_edit/images/n2/2562/rs_opt.jpg,,,Portrait examples on Rev. (AR),13 BC- 4 AD
http://nomisma.org/id/lucius_caesar,Lucius Caesar,Julio-Claudian,http://numismatics.org/ocre/results?q=portrait_facet:%22Lucius Caesar%22,,http://ww2.smb.museum/mk_edit/images/n2/2562/rs_opt.jpg,,,"Portrait of Lucius Caesar on Rev. (AV, AR)",13 BC- 4 AD
http://nomisma.org/id/tiberius,Tiberius,Julio-Claudian,http://numismatics.org/ocre/results?q=portrait_facet:%22Tiberius%22,http://ww2.smb.museum/mk_edit/images/n2/2674/vs_opt.jpg,http://numismatics.org/collectionimages/19001949/1944/1944.100.39246.obv.width350.jpg,http://ww2.smb.museum/mk_edit/images/n11/11923/vs_opt.jpg|http://ww2.smb.museum/mk_edit/images/n28/28971/vs_opt.jpg,http://ww2.smb.museum/mk_edit/images/n15/15375/vs_opt.jpg,,8 AD- 37 AD/80 AD- 81 AD/98 AD- 117 AD
http://nomisma.org/id/antonia_minor,Antonia Minor ,Julio-Claudian,http://numismatics.org/ocre/results?q=portrait_facet:%22Antonia Minor%22,http://numismatics.org/collectionimages/19501999/1956/1956.184.19.obv.width350.jpg,http://ww2.smb.museum/mk_edit/images/n11/11184/vs_opt.jpg,http://numismatics.org/collectionimages/19001949/1944/1944.100.39323.obv.width350.jpg,http://ww2.smb.museum/mk_edit/images/n11/11231/vs_opt.jpg,,41 AD- 54 AD
http://nomisma.org/id/germanicus,Germanicus,Julio-Claudian,http://numismatics.org/ocre/results?q=portrait_facet:%22Germanicus%22,http://ww2.smb.museum/mk_edit/images/n20/20282/rs_opt.jpg,http://ww2.smb.museum/mk_edit/images/n20/20284/rs_opt.jpg,http://ww2.smb.museum/mk_edit/images/n14/14376/vs_opt.jpg,http://ww2.smb.museum/mk_edit/images/n14/14419/vs_opt.jpg,"Portrait of Germanicus is on Rev. (AV, AR)",37 AD- 41 AD/50 AD- 54 AD/80 AD-81 AD
http://nomisma.org/id/agrippina_i,Agrippina the Elder,Julio-Claudian,http://numismatics.org/ocre/results?q=portrait_facet:%22Agrippina the Elder%22,http://ww2.smb.museum/mk_edit/images/n20/20288/rs_opt.jpg,http://numismatics.org/collectionimages/19001949/1935/1935.117.359.rev.width350.jpg,http://ww2.smb.museum/mk_edit/images/n2/2696/vs_opt.jpg|http://ww2.smb.museum/mk_edit/images/n14/14441/vs_opt.jpg,http://numismatics.org/collectionimages/19501999/1953/1953.171.1125.obv.width350.jpg,"Portrait of Agrippina the Elder on Rev. (AV, AR)",37 AD- 98 AD
http://nomisma.org/id/drusus_son_of_tiberius,Drusus the Younger (Drusus Julius Caesar),Julio-Claudian,http://numismatics.org/ocre/results?q=portrait_facet:%22Drusus the Younger%22,,http://numismatics.org/collectionimages/19001949/1944/1944.100.39253.rev.width350.jpg,http://numismatics.org/collectionimages/19501999/1957/1957.172.1519.rev.width350.jpg,http://numismatics.org/collectionimages/19501999/1970/1970.156.187.obv.width350.jpg,"Worn portrait of Drusus the Young is on Rev. (AR, AE)",22 AD- 34 AD
http://nomisma.org/id/gaius,Gaius/Caligula,Julio-Claudian,http://numismatics.org/ocre/results?q=portrait_facet:%22Gaius/Caligula%22,http://numismatics.org/collectionimages/19501999/1967/1967.153.111.obv.width350.jpg,http://numismatics.org/collectionimages/19001949/1935/1935.117.359.obv.width350.jpg,http://ww2.smb.museum/mk_edit/images/n18/18024/vs_opt.jpg|http://ww2.smb.museum/mk_edit/images/n4/4422/vs_opt.jpg,http://ww2.smb.museum/mk_edit/images/n18/18087/vs_opt.jpg,,37 AD- 41 AD
http://nomisma.org/id/drusus_caesar,Drusus Caesar (Drusus Julius Caesar Germanicus),Julio-Claudian,http://numismatics.org/ocre/results?q=portrait_facet:%22Drusus Caesar%22,,,http://numismatics.org/collectionimages/20002049/2000/2000.5.13.obv.width350.jpg|http://numismatics.org/collectionimages/19001949/1944/1944.100.41826.obv.width350.jpg,,,37 AD- 82 AD
http://nomisma.org/id/claudius,Claudius,Julio-Claudian,http://numismatics.org/ocre/results?q=portrait_facet:%22Claudius%22,http://numismatics.org/collectionimages/19001949/1944/1944.100.39351.obv.width350.jpg|http://numismatics.org/collectionimages/19501999/1957/1957.191.7.obv.width350.jpg,http://numismatics.org/collectionimages/19001949/1948/1948.19.1056.obv.width350.jpg|http://numismatics.org/collectionimages/20002049/2000/2000.5.6.obv.width350.jpg,http://ww2.smb.museum/mk_edit/images/n20/20816/vs_opt.jpg|http://ww2.smb.museum/mk_edit/images/n11/11076/vs_opt.jpg,http://ww2.smb.museum/mk_edit/images/n21/21057/vs_opt.jpg|http://numismatics.org/collectionimages/19001949/1944/1944.100.39358.obv.width350.jpg,,41 AD- 54 AD
http://nomisma.org/id/messallina,Messalina,Julio-Claudian,http://numismatics.org/ocre/results?q=portrait_facet:%22Messalina%22,,,,,No Examples found,41 AD- 54 AD
http://nomisma.org/id/britannicus,Britannicus,Julio-Claudian,http://numismatics.org/ocre/results?q=portrait_facet:%22Britannicus%22,,,,,No Examples found,41 AD- 54 AD
http://nomisma.org/id/agrippina_ii,Agrippina the Younger,Julio-Claudian,http://numismatics.org/ocre/results?q=portrait_facet:%22Agrippina the Younger%22,http://numismatics.org/collectionimages/19501999/1954/1954.256.6.rev.width350.jpg,http://numismatics.org/collectionimages/19001949/1935/1935.117.360.rev.width350.jpg|http://numismatics.org/collectionimages/19001949/1944/1944.100.55153.rev.width350.jpg|http://numismatics.org/collectionimages/19001949/1944/1944.100.55158.rev.width350.jpg,http://ww2.smb.museum/mk_edit/images/n21/21063/vs_opt.jpg,http://ww2.smb.museum/mk_edit/images/n21/21065/vs_opt.jpg,"Portrait of Agrippina the Younger on Rev. (AV, AR)",37 AD- 60 AD
http://nomisma.org/id/nero,Nero,Julio-Claudian,http://numismatics.org/ocre/results?q=portrait_facet:%22Nero%22,http://ww2.smb.museum/mk_edit/images/n20/20701/vs_opt.jpg|http://numismatics.org/collectionimages/19501999/1967/1967.153.116.obv.width350.jpg|http://numismatics.org/collectionimages/19501999/1956/1956.184.20.obv.width350.jpg|http://numismatics.org/collectionimages/19001949/1944/1944.100.39418.obv.width350.jpg,http://ww2.smb.museum/mk_edit/images/n21/21806/vs_opt.jpg|http://ww2.smb.museum/mk_edit/images/n21/21811/vs_opt.jpg|http://numismatics.org/collectionimages/19001949/1944/1944.100.39416.obv.width350.jpg|http://ww2.smb.museum/mk_edit/images/n21/21895/vs_opt.jpg,http://ww2.smb.museum/mk_edit/images/n22/22039/vs_opt.jpg|http://ww2.smb.museum/mk_edit/images/n4/4571/vs_opt.jpg,http://numismatics.org/collectionimages/19001949/1944/1944.100.53404.obv.width350.jpg,,50 AD- 68 AD
http://nomisma.org/id/claudia_antonia,Claudia Antonia,Julio-Claudian,http://numismatics.org/ocre/results?q=portrait_facet:%22Claudia Antonia%22,,,,,No Examples found,41 AD- 54 AD
http://nomisma.org/id/claudia_octavia,Claudia Octavia,Julio-Claudian,http://numismatics.org/ocre/results?q=portrait_facet:%22Claudia Octavia%22,,,,,No Examples found,41 AD- 54 AD
http://nomisma.org/id/clodius_macer,Clodius Macer,Year of the 4 Emperors,http://numismatics.org/ocre/results?q=portrait_facet:%22Clodius Macer%22,,,,,AR images found in BM,68 AD
http://nomisma.org/id/galba,Galba,Year of the 4 Emperors,http://numismatics.org/ocre/results?q=portrait_facet:%22Galba%22,http://numismatics.org/collectionimages/19501999/1954/1954.256.8.obv.width350.jpg|http://numismatics.org/collectionimages/19501999/1957/1957.191.28.obv.width350.jpg,http://numismatics.org/collectionimages/19001949/1944/1944.100.39821.obv.width350.jpg|http://ww2.smb.museum/mk_edit/images/n28/28889/vs_opt.jpg,http://ww2.smb.museum/mk_edit/images/n29/29208/vs_opt.jpg|http://ww2.smb.museum/mk_edit/images/n4/4812/vs_opt.jpg,http://ww2.smb.museum/mk_edit/images/n28/28731/vs_opt.jpg,,68 AD- 69 AD/80 AD-81 AD/98 AD- 117AD
http://nomisma.org/id/otho,Otho,Year of the 4 Emperors,http://numismatics.org/ocre/results?q=portrait_facet:%22Otho%22,http://ww2.smb.museum/mk_edit/images/n0/619/vs_opt.jpg,http://numismatics.org/collectionimages/19501999/1962/1962.83.16.obv.width350.jpg,,http://ww2.smb.museum/mk_edit/images/n29/29357/vs_opt.jpg,,69 AD
http://nomisma.org/id/lucius_vitellius_pater,Lucius Vitellius Pater,Year of the 4 Emperors,http://numismatics.org/ocre/results?q=portrait_facet:%22Lucius Vitellius Pater%22,http://ww2.smb.museum/mk_edit/images/n3/3280/rs_opt.jpg,http://ww2.smb.museum/mk_edit/images/n29/29520/rs_opt.jpg,,http://ww2.smb.museum/mk_edit/images/n29/29521/rs_opt.jpg,Portrait of Lucius Vitellius on Rev. in Berlin examples,69 AD
http://nomisma.org/id/vitellius,Vitellius,Year of the 4 Emperors,http://numismatics.org/ocre/results?q=portrait_facet:%22Vitellius%22,http://numismatics.org/collectionimages/19501999/1952/1952.42.3.obv.width350.jpg,http://numismatics.org/collectionimages/19501999/1957/1957.172.1558.obv.width350.jpg,http://ww2.smb.museum/mk_edit/images/n29/29620/vs_opt.jpg,http://ww2.smb.museum/mk_edit/images/n29/29645/vs_opt.jpg,,69 AD
http://nomisma.org/id/vespasian,Vespasian,Flavian,http://numismatics.org/ocre/results?q=portrait_facet:%22Vespasian%22,http://numismatics.org/collectionimages/19501999/1956/1956.184.30.obv.width350.jpg|http://numismatics.org/collectionimages/19501999/1956/1956.184.27.obv.width350.jpg,http://ww2.smb.museum/mk_edit/images/n22/22708/vs_opt.jpg|http://ww2.smb.museum/mk_edit/images/n21/21873/vs_opt.jpg|http://ww2.smb.museum/mk_edit/images/n23/23084/vs_opt.jpg,http://ww2.smb.museum/mk_edit/images/n4/4582/vs_opt.jpg|http://ww2.smb.museum/mk_edit/images/n30/30656/vs_opt.jpg,http://numismatics.org/collectionimages/19501999/1958/1958.113.1.obv.width350.jpg,,69 AD- 79 AD/ 80 AD- 81 AD/ 98 AD- 117 AD/ 250 AD- 251 AD
http://nomisma.org/id/domitilla_the_elder,Domitilla the Elder,Flavian,http://numismatics.org/ocre/results?q=portrait_facet:%22Domitilla the Elder%22,http://ww2.smb.museum/mk_edit/images/n3/3291/vs_opt.jpg|http://ww2.smb.museum/mk_edit/images/n18/18743/vs_opt.jpg,http://ww2.smb.museum/mk_edit/images/n30/30808/vs_opt.jpg,,http://ww2.smb.museum/mk_edit/images/n30/30819/vs_opt.jpg,,82 AD- 83 AD
http://nomisma.org/id/titus,Titus,Flavian,http://numismatics.org/ocre/results?q=portrait_facet:%22Titus%22,http://numismatics.org/collectionimages/19501999/1967/1967.153.126.obv.width350.jpg,http://ww2.smb.museum/mk_edit/images/n31/31034/vs_opt.jpg|http://numismatics.org/collectionimages/19501999/1957/1957.172.1581.obv.width350.jpg,http://ww2.smb.museum/mk_edit/images/n31/31567/vs_opt.jpg|http://ww2.smb.museum/mk_edit/images/n31/31529/vs_opt.jpg|http://ww2.smb.museum/mk_edit/images/n31/31527/vs_opt.jpg,http://ww2.smb.museum/mk_edit/images/n32/32685/vs_opt.jpg,,69 AD- 83 AD/ 98 AD- 117 AD/ 250 AD- 251 AD
http://nomisma.org/id/julia_titi,Julia Titi,Flavian,http://numismatics.org/ocre/results?q=portrait_facet:%22Julia Titi%22,http://ww2.smb.museum/mk_edit/images/n3/3608/vs_opt.jpg,http://ww2.smb.museum/mk_edit/images/n32/32704/vs_opt.jpg,http://ww2.smb.museum/mk_edit/images/n18/18744/vs_opt.jpg|http://ww2.smb.museum/mk_edit/images/n32/32870/vs_opt.jpg,http://ww2.smb.museum/mk_edit/images/n32/32706/vs_opt.jpg,,80 AD- 89 AD
http://nomisma.org/id/domitian,Domitian,Flavian,http://numismatics.org/ocre/results?q=portrait_facet:%22Domitian%22,http://numismatics.org/collectionimages/19501999/1955/1955.191.13.obv.width350.jpg|http://numismatics.org/collectionimages/19001949/1909/1909.78.36.obv.width350.jpg|http://numismatics.org/collectionimages/19001949/1905/1905.57.325.obv.width350.jpg,http://ww2.smb.museum/mk_edit/images/n33/33434/vs_opt.jpg|http://ww2.smb.museum/mk_edit/images/n33/33489/vs_opt.jpg|http://ww2.smb.museum/mk_edit/images/n33/33789/vs_opt.jpg,http://ww2.smb.museum/mk_edit/images/n34/34344/vs_opt.jpg|http://ww2.smb.museum/mk_edit/images/n34/34385/vs_opt.jpg|http://numismatics.org/collectionimages/19001949/1944/1944.100.42561.obv.width350.jpg|http://ww2.smb.museum/mk_edit/images/n7/7628/vs_opt.jpg,http://ww2.smb.museum/mk_edit/images/n33/33701/vs_opt.jpg|http://ww2.smb.museum/mk_edit/images/n34/34347/vs_opt.jpg,,69 AD- 96 AD
http://nomisma.org/id/domitia,Domitia,Flavian,http://numismatics.org/ocre/results?q=portrait_facet:%22Domitia%22,http://ww2.smb.museum/mk_edit/images/n18/18745/vs_opt.jpg,http://ww2.smb.museum/mk_edit/images/n34/34699/vs_opt.jpg,http://numismatics.org/collectionimages/19501999/1967/1967.153.181.obv.width350.jpg|http://ww2.smb.museum/mk_edit/images/n34/34703/vs_opt.jpg,http://numismatics.org/collectionimages/19001949/1944/1944.100.42535.obv.width350.jpg|http://ww2.smb.museum/mk_edit/images/n34/34704/vs_opt.jpg,,81 AD- 89 AD
http://nomisma.org/id/nerva,Nerva,Antonine,http://numismatics.org/ocre/results?q=portrait_facet:%22Nerva%22,http://numismatics.org/collectionimages/19501999/1958/1958.214.7.obv.width350.jpg,http://numismatics.org/collectionimages/19501999/1985/1985.28.1.obv.width350.jpg,http://ww2.smb.museum/mk_edit/images/n2/2870/vs_opt.jpg,http://numismatics.org/collectionimages/19501999/1974/1974.140.78.obv.width350.jpg,,96 AD- 99 AD/98 AD- 117 AD/250 AD-251 AD
http://nomisma.org/id/trajan,Trajan,Antonine,http://numismatics.org/ocre/results?q=portrait_facet:%22Trajan%22,http://numismatics.org/collectionimages/19501999/1958/1958.214.9.obv.width350.jpg|http://numismatics.org/collectionimages/19501999/1957/1957.172.1615.obv.width350.jpg,http://numismatics.org/collectionimages/19001949/1948/1948.19.1154.obv.width350.jpg|http://numismatics.org/collectionimages/19001949/1948/1948.19.1161.obv.width350.jpg,http://ww2.smb.museum/mk_edit/images/n4/4395/vs_opt.jpg|http://ww2.smb.museum/mk_edit/images/n4/4497/vs_opt.jpg,http://numismatics.org/collectionimages/19501999/1954/1954.18.160.obv.width350.jpg,,98 AD- 118 AD/121 AD- 122 AD/ 134 AD- 138 AD
http://nomisma.org/id/marciana,Marciana,Antonine,http://numismatics.org/ocre/results?q=portrait_facet:%22Marciana%22,http://numismatics.org/collectionimages/19501999/1967/1967.153.140.obv.width350.jpg,http://numismatics.org/collectionimages/19001949/1944/1944.100.44680.obv.width350.jpg,http://ww2.smb.museum/mk_edit/images/n18/18746/vs_opt.jpg,http://numismatics.org/collectionimages/19001949/1944/1944.100.44679.obv.width350.jpg,,98 AD- 117 AD
http://nomisma.org/id/marcus_ulpius_traianus,Marcus Ulpius Traianus,Antonine,http://numismatics.org/ocre/results?q=portrait_facet:%22Marcus Ulpius Traianus%22,http://ww2.smb.museum/mk_edit/images/n3/3618/rs_opt.jpg,,,,Portrait of Marcus Ulpius Traianus is on Rev. (AV),98 AD- 117 AD
http://nomisma.org/id/matidia,Matidia,Antonine,http://numismatics.org/ocre/results?q=portrait_facet:%22Matidia%22,http://numismatics.org/collectionimages/19501999/1967/1967.153.180.obv.width350.jpg,http://numismatics.org/collectionimages/19001949/1944/1944.100.44682.obv.width350.jpg,http://ww2.smb.museum/mk_edit/images/n3/3621/vs_opt.jpg,http://numismatics.org/collectionimages/19501999/1956/1956.127.1715.obv.width350.jpg,,98 AD- 117 AD/117 AD- 138 AD
http://nomisma.org/id/plotina,Plotina,Antonine,http://numismatics.org/ocre/results?q=portrait_facet:%22Plotina%22,http://ww2.smb.museum/mk_edit/images/n3/3638/vs_opt.jpg,http://numismatics.org/collectionimages/19001949/1944/1944.100.44677.obv.width350.jpg,http://numismatics.org/collectionimages/19001949/1944/1944.100.44785.obv.width350.jpg|http://ww2.smb.museum/mk_edit/images/n3/3617/vs_opt.jpg,http://numismatics.org/collectionimages/19001949/1935/1935.117.394.obv.width350.jpg,,98 AD- 117 AD/134 AD- 138 AD
http://nomisma.org/id/sabina,Sabina,Antonine,http://numismatics.org/ocre/results?q=portrait_facet:%22Sabina%22,http://numismatics.org/collectionimages/19001949/1944/1944.100.45592.obv.width350.jpg|http://numismatics.org/collectionimages/19501999/1967/1967.153.145.obv.width350.jpg|http://numismatics.org/collectionimages/19501999/1955/1955.191.14.obv.width350.jpg,http://numismatics.org/collectionimages/19001949/1944/1944.100.45579.obv.width350.jpg|http://numismatics.org/collectionimages/19001949/1944/1944.100.45585.obv.width350.jpg,http://ww2.smb.museum/mk_edit/images/n18/18747/vs_opt.jpg|http://numismatics.org/collectionimages/19001949/1944/1944.100.47470.obv.width350.jpg,http://numismatics.org/collectionimages/19501999/1995/1995.11.1582.obv.width350.jpg,,98 AD- 117 AD/128 AD- 136 AD/136 AD- 138 AD
http://nomisma.org/id/hadrian,Hadrian,Antonine,http://numismatics.org/ocre/results?q=portrait_facet:%22Hadrian%22,http://numismatics.org/collectionimages/19001949/1944/1944.100.44796.obv.width350.jpg|http://numismatics.org/collectionimages/19501999/1960/1960.175.17.obv.width350.jpg|http://ww2.smb.museum/mk_edit/images/n4/4391/vs_opt.jpg,http://ww2.smb.museum/mk_edit/images/n4/4814/vs_opt.jpg,http://ww2.smb.museum/mk_edit/images/n4/4796/vs_opt.jpg,http://numismatics.org/collectionimages/19501999/1954/1954.18.161.obv.width350.jpg,,98 AD- 138 AD/250 AD- 251 AD
http://nomisma.org/id/lucius_aelius,Lucius Aelius,Antonine,http://numismatics.org/ocre/results?q=portrait_facet:%22Lucius Aelius%22,http://numismatics.org/collectionimages/19501999/1960/1960.175.32.obv.width350.jpg,http://numismatics.org/collectionimages/19001949/1944/1944.100.45596.obv.width350.jpg,http://numismatics.org/collectionimages/19501999/1995/1995.11.88.obv.width350.jpg,http://numismatics.org/collectionimages/19001949/1947/1947.2.464.obv.width350.jpg,,132 AD- 137 AD
http://nomisma.org/id/antoninus_pius,Antoninus Pius,Antonine,http://numismatics.org/ocre/results?q=portrait_facet:%22Antoninus Pius%22,http://numismatics.org/collectionimages/19501999/1966/1966.62.1.obv.width350.jpg|http://numismatics.org/collectionimages/19501999/1973/1973.16.2.obv.width350.jpg,http://numismatics.org/collectionimages/19001949/1922/1922.999.82.obv.width350.jpg|http://numismatics.org/collectionimages/19001949/1944/1944.100.48159.obv.width350.jpg,http://ww2.smb.museum/mk_edit/images/n4/4727/vs_opt.jpg,http://numismatics.org/collectionimages/19501999/1995/1995.11.170.obv.width350.jpg,,138 AD-161 AD/250 AD-251 AD
http://nomisma.org/id/faustina_i,Faustina the Elder,Antonine,http://numismatics.org/ocre/results?q=portrait_facet:%22Faustina the Elder%22,http://numismatics.org/collectionimages/19501999/1966/1966.62.11.obv.width350.jpg,http://numismatics.org/collectionimages/19001949/1944/1944.100.48343.obv.width350.jpg,http://ww2.smb.museum/mk_edit/images/n4/4360/vs_opt.jpg|http://ww2.smb.museum/mk_edit/images/n4/4417/vs_opt.jpg,http://numismatics.org/collectionimages/19001949/1906/1906.236.373.obv.width350.jpg,,138 AD-161 AD
http://nomisma.org/id/marcus_aurelius,Marcus Aurelius,Antonine,http://numismatics.org/ocre/results?q=portrait_facet:%22Marcus Aurelius%22,http://numismatics.org/collectionimages/19001949/1944/1944.100.47505.obv.width350.jpg|http://numismatics.org/collectionimages/19501999/1967/1967.153.157.obv.width350.jpg|http://numismatics.org/collectionimages/19501999/1967/1967.50.12.obv.width350.jpg,http://numismatics.org/collectionimages/19001949/1948/1948.19.1297.obv.width350.jpg|http://numismatics.org/collectionimages/19001949/1911/1911.23.283.obv.width350.jpg|http://numismatics.org/collectionimages/19501999/1956/1956.127.840.obv.width350.jpg,http://numismatics.org/collectionimages/19001949/1944/1944.100.49034.obv.width350.jpg|http://numismatics.org/collectionimages/19001949/1944/1944.100.49155.obv.width350.jpg|http://numismatics.org/collectionimages/19501999/1957/1957.172.1752.obv.width350.jpg,http://numismatics.org/collectionimages/19001949/1946/1946.35.33.obv.width350.jpg,,139 AD- 180 AD/250 AD- 251 AD
http://nomisma.org/id/faustina_ii,Faustina the Younger,Antonine,http://numismatics.org/ocre/results?q=portrait_facet:%22Faustina the Younger%22,http://numismatics.org/collectionimages/19501999/1955/1955.191.15.obv.width350.jpg|http://numismatics.org/collectionimages/19501999/1956/1956.184.56.obv.width350.jpg|http://numismatics.org/collectionimages/19001949/1944/1944.100.49230.obv.width350.jpg,http://numismatics.org/collectionimages/19501999/1956/1956.127.914.obv.width350.jpg|http://numismatics.org/collectionimages/19501999/1985/1985.140.136.obv.width350.jpg,http://numismatics.org/collectionimages/19001949/1944/1944.100.49250.obv.width350.jpg|http://ww2.smb.museum/mk_edit/images/n4/4313/vs_opt.jpg|http://numismatics.org/collectionimages/19001949/1944/1944.100.49549.obv.width350.jpg,http://numismatics.org/collectionimages/19501999/1995/1995.11.473.obv.width350.jpg,,145 AD- 176 AD
http://nomisma.org/id/lucius_verus,Lucius Verus,Antonine,http://numismatics.org/ocre/results?q=portrait_facet:%22Lucius Verus%22,http://numismatics.org/collectionimages/19501999/1959/1959.228.12.obv.width350.jpg|http://numismatics.org/collectionimages/19501999/1959/1959.228.22.obv.width350.jpg,http://numismatics.org/collectionimages/19001949/1944/1944.100.49556.obv.width350.jpg|http://numismatics.org/collectionimages/19001949/1944/1944.100.49575.obv.width350.jpg,http://ww2.smb.museum/mk_edit/images/n3/3786/vs_opt.jpg|http://ww2.smb.museum/mk_edit/images/n4/4414/vs_opt.jpg,http://numismatics.org/collectionimages/19001949/1939/1939.133.27.obv.width350.jpg,,161 AD- 180 AD
http://nomisma.org/id/lucilla,Lucilla,Antonine,http://numismatics.org/ocre/results?q=portrait_facet:%22Lucilla%22,http://numismatics.org/collectionimages/19501999/1959/1959.228.28.obv.width350.jpg|http://numismatics.org/collectionimages/19501999/1980/1980.109.167.obv.width350.jpg,http://numismatics.org/collectionimages/19001949/1944/1944.100.49620.obv.width350.jpg,http://ww2.smb.museum/mk_edit/images/n4/4361/vs_opt.jpg|http://ww2.smb.museum/mk_edit/images/n18/18751/vs_opt.jpg,http://numismatics.org/collectionimages/19001949/1946/1946.35.52.obv.width350.jpg,,164 AD- 180 AD
http://nomisma.org/id/commodus,Commodus,Antonine,http://numismatics.org/ocre/results?q=portrait_facet:%22Commodus%22,http://numismatics.org/collectionimages/19501999/1959/1959.228.30.obv.width350.jpg|http://numismatics.org/collectionimages/19501999/1959/1959.228.32.obv.width350.jpg|http://ww2.smb.museum/mk_edit/images/n0/719/vs_opt.jpg,http://numismatics.org/collectionimages/19501999/1956/1956.127.1114.obv.width350.jpg|http://numismatics.org/collectionimages/19501999/1956/1956.127.1128.obv.width350.jpg|http://numismatics.org/collectionimages/19001949/1948/1948.19.1399.obv.width350.jpg,http://ww2.smb.museum/mk_edit/images/n4/4496/vs_opt.jpg|http://ww2.smb.museum/mk_edit/images/n4/4362/vs_opt.jpg|http://ww2.smb.museum/mk_edit/images/n4/4511/vs_opt.jpg,http://numismatics.org/collectionimages/19001949/1943/1943.102.83.obv.width350.jpg,,175 AD- 193 AD/250 AD- 251 AD
http://nomisma.org/id/crispina,Crispina,Antonine,http://numismatics.org/ocre/results?q=portrait_facet:%22Crispina%22,http://numismatics.org/collectionimages/19501999/1955/1955.191.20.obv.width350.jpg|http://numismatics.org/collectionimages/19501999/1967/1967.153.165.obv.width350.jpg,http://numismatics.org/collectionimages/19001949/1944/1944.100.50023.obv.width350.jpg|http://numismatics.org/collectionimages/19501999/1956/1956.127.1244.obv.width350.jpg,http://ww2.smb.museum/mk_edit/images/n18/18753/vs_opt.jpg,http://numismatics.org/collectionimages/19501999/1995/1995.11.333.obv.width350.jpg,,178 AD- 191 AD
http://nomisma.org/id/marcus_claudius_marcellus,Marcellus,Antonine (restored Republican),http://numismatics.org/ocre/results?q=portrait_facet:%22Marcellus%22,,http://ww2.smb.museum/mk_edit/images/n7/7308/vs_opt.jpg,,,,98 AD- 117 AD
http://nomisma.org/id/pompey,Pompey,Antonine (restored Republican),http://numismatics.org/ocre/results?q=portrait_facet:%22Pompey%22,,,,,AR images found in the BM,98 AD- 117 AD
http://nomisma.org/id/sulla,Sulla,Antonine (restored Republican),http://numismatics.org/ocre/results?q=portrait_facet:%22Sulla%22,,,,,Portrait of seated Sulla on Rev. (AR),98 AD- 117 AD
http://nomisma.org/id/pertinax,Pertinax,Year of the 5 Emperors,http://numismatics.org/ocre/results?q=portrait_facet:%22Pertinax%22,http://numismatics.org/collectionimages/19501999/1967/1967.153.166.obv.width350.jpg,http://numismatics.org/collectionimages/19001949/1944/1944.100.50042.obv.width350.jpg,http://numismatics.org/collectionimages/19001949/1944/1944.100.50049.obv.width350.jpg,http://numismatics.org/collectionimages/19501999/1995/1995.11.343.obv.width350.jpg,,193 AD- 194 AD
http://nomisma.org/id/didius_julianus,Didius Julianus,Year of the 5 Emperors,http://numismatics.org/ocre/results?q=portrait_facet:%22Didius Julianus%22,http://ww2.smb.museum/mk_edit/images/n3/3799/vs_opt.jpg,http://numismatics.org/collectionimages/19001949/1944/1944.100.50054.obv.width350.jpg,http://numismatics.org/collectionimages/19001949/1944/1944.100.50056.obv.width350.jpg|http://numismatics.org/collectionimages/19501999/1951/1951.61.79.obv.width350.jpg,http://numismatics.org/collectionimages/19001949/1944/1944.100.50053.obv.width350.jpg,,193 AD
http://nomisma.org/id/didia_clara,Didia Clara,Year of the 5 Emperors,http://numismatics.org/ocre/results?q=portrait_facet:%22Didia Clara%22,,http://numismatics.org/collectionimages/19001949/1935/1935.117.452.obv.width350.jpg,http://numismatics.org/collectionimages/19001949/1944/1944.100.50060.obv.width350.jpg,http://numismatics.org/collectionimages/19001949/1944/1944.100.50059.obv.width350.jpg,No AV images found,193 AD
http://nomisma.org/id/manlia_scantilla,Manlia Scantilla,Year of the 5 Emperors,http://numismatics.org/ocre/results?q=portrait_facet:%22Manlia Scantilla%22,,,http://numismatics.org/collectionimages/19001949/1944/1944.100.50058.obv.width350.jpg,http://numismatics.org/collectionimages/19501999/1995/1995.11.1810.obv.width350.jpg,AV image of not good quality,193 AD
http://nomisma.org/id/pescennius_niger,Pescennius Niger,Year of the 5 Emperors,http://numismatics.org/ocre/results?q=portrait_facet:%22Pescennius Niger%22,,http://numismatics.org/collectionimages/19501999/1984/1984.112.1.obv.width350.jpg,,http://numismatics.org/collectionimages/19001949/1944/1944.100.50074.obv.width350.jpg,No AV images found,193 AD- 194 AD
http://nomisma.org/id/clodius_albinus,Clodius Albinus,Year of the 5 Emperors,http://numismatics.org/ocre/results?q=portrait_facet:%22Clodius Albinus%22,http://ww2.smb.museum/mk_edit/images/n3/3807/vs_opt.jpg,http://numismatics.org/collectionimages/19501999/1973/1973.251.5.obv.width350.jpg|http://numismatics.org/collectionimages/19501999/1954/1954.203.227.obv.width350.jpg,http://ww2.smb.museum/mk_edit/images/n1/1423/vs_opt.jpg,http://numismatics.org/collectionimages/19001949/1946/1946.35.74.obv.width350.jpg,,193 AD- 197 AD
http://nomisma.org/id/septimius_severus,Septimius Severus,Severan,http://numismatics.org/ocre/results?q=portrait_facet:%22Septimius Severus%22,http://numismatics.org/collectionimages/19501999/1967/1967.153.167.obv.width350.jpg|http://numismatics.org/collectionimages/19501999/1960/1960.175.35.obv.width350.jpg|http://numismatics.org/collectionimages/19501999/1960/1960.175.64.obv.width350.jpg,http://numismatics.org/collectionimages/19001949/1944/1944.100.50169.obv.width350.jpg|http://numismatics.org/collectionimages/19001949/1944/1944.100.50112.obv.width350.jpg,http://numismatics.org/collectionimages/19001949/1935/1935.117.489.obv.width350.jpg|http://ww2.smb.museum/mk_edit/images/n4/4394/vs_opt.jpg,http://numismatics.org/collectionimages/19501999/1995/1995.11.1528.obv.width350.jpg,,193 AD- 211 AD/250 AD- 251 AD
http://nomisma.org/id/julia_domna,Julia Domna,Severan,http://numismatics.org/ocre/results?q=portrait_facet:%22Julia Domna%22,http://numismatics.org/collectionimages/19001949/1944/1944.100.50314.obv.width350.jpg|http://numismatics.org/collectionimages/19501999/1955/1955.191.23.obv.width350.jpg,http://numismatics.org/collectionimages/19001949/1944/1944.100.50312.obv.width350.jpg|http://numismatics.org/collectionimages/19001949/1944/1944.100.50316.obv.width350.jpg|http://numismatics.org/collectionimages/19001949/1944/1944.100.51322.obv.width350.jpg,http://ww2.smb.museum/mk_edit/images/n3/3881/vs_opt.jpg,http://numismatics.org/collectionimages/00001899/0000/0000.999.22487.obv.width350.jpg,,193 AD- 222 AD
http://nomisma.org/id/caracalla,Caracalla,Severan,http://numismatics.org/ocre/results?q=portrait_facet:%22Caracalla%22,http://numismatics.org/collectionimages/19501999/1955/1955.191.30.obv.width350.jpg|http://numismatics.org/collectionimages/19501999/1955/1955.191.27.obv.width350.jpg|http://numismatics.org/collectionimages/19501999/1960/1960.175.39.obv.width350.jpg|http://numismatics.org/collectionimages/19001949/1944/1944.100.51563.obv.width350.jpg,http://numismatics.org/collectionimages/19001949/1944/1944.100.51376.obv.width350.jpg|http://numismatics.org/collectionimages/19001949/1944/1944.100.51427.obv.width350.jpg|http://numismatics.org/collectionimages/19001949/1944/1944.100.51555.obv.width350.jpg,http://numismatics.org/collectionimages/19001949/1944/1944.100.51700.obv.width350.jpg,http://numismatics.org/collectionimages/19001949/1944/1944.100.51694.obv.width350.jpg,,195 AD- 217 AD
http://nomisma.org/id/plautilla,Plautilla,Severan,http://numismatics.org/ocre/results?q=portrait_facet:%22Plautilla%22,,http://numismatics.org/collectionimages/19001949/1948/1948.19.1650.obv.width350.jpg|http://numismatics.org/collectionimages/19001949/1948/1948.19.1649.obv.width350.jpg|http://numismatics.org/collectionimages/19001949/1944/1944.100.51733.obv.width350.jpg,,http://numismatics.org/collectionimages/19001949/1944/1944.100.51735.obv.width350.jpg,AV images found in BM. No good AE images found,200 AD- 210 AD
http://nomisma.org/id/geta,Geta,Severan,http://numismatics.org/ocre/results?q=portrait_facet:%22Geta%22,http://numismatics.org/collectionimages/19001949/1944/1944.100.51738.obv.width350.jpg|http://numismatics.org/collectionimages/19501999/1954/1954.256.28.obv.width350.jpg,http://numismatics.org/collectionimages/19001949/1944/1944.100.51762.obv.width350.jpg|http://numismatics.org/collectionimages/19001949/1948/1948.19.1675.obv.width350.jpg|http://ww2.smb.museum/mk_edit/images/n5/5518/vs_opt.jpg,http://numismatics.org/collectionimages/19001949/1944/1944.100.51826.obv.width350.jpg,http://numismatics.org/collectionimages/19501999/1995/1995.11.1462.obv.width350.jpg,,196 AD- 212 AD
http://nomisma.org/id/macrinus,Macrinus,Severan,http://numismatics.org/ocre/results?q=portrait_facet:%22Macrinus%22,http://ww2.smb.museum/mk_edit/images/n4/4392/vs_opt.jpg,http://numismatics.org/collectionimages/19501999/1987/1987.26.209.obv.width350.jpg|http://numismatics.org/collectionimages/19001949/1944/1944.100.51845.obv.width350.jpg,http://ww2.smb.museum/mk_edit/images/n0/283/vs_opt.jpg,http://numismatics.org/collectionimages/19501999/1995/1995.11.1427.obv.width350.jpg,,217 AD- 218 AD
http://nomisma.org/id/diadumenian,Diadumenian,Severan,http://numismatics.org/ocre/results?q=portrait_facet:%22Diadumenian%22,http://numismatics.org/collectionimages/19501999/1967/1967.153.175.obv.width350.jpg,http://numismatics.org/collectionimages/19001949/1944/1944.100.51867.obv.width350.jpg,http://ww2.smb.museum/mk_edit/images/n3/3888/vs_opt.jpg,http://numismatics.org/collectionimages/19501999/1960/1960.170.396.obv.width350.jpg,,217 AD- 218 AD
http://nomisma.org/id/elagabalus,Elagabalus,Severan,http://numismatics.org/ocre/results?q=portrait_facet:%22Elagabalus%22,http://numismatics.org/collectionimages/19501999/1955/1955.191.33.obv.width350.jpg|http://numismatics.org/collectionimages/19501999/1967/1967.153.176.obv.width350.jpg,http://numismatics.org/collectionimages/19001949/1944/1944.100.51875.obv.width350.jpg|http://numismatics.org/collectionimages/19001949/1944/1944.100.52315.obv.width350.jpg,http://ww2.smb.museum/mk_edit/images/n4/4371/vs_opt.jpg,http://numismatics.org/collectionimages/19001949/1906/1906.236.510.obv.width350.jpg,,218 AD- 222 AD
http://nomisma.org/id/julia_maesa,Julia Maesa,Severan,http://numismatics.org/ocre/results?q=portrait_facet:%22Julia Maesa%22,,http://numismatics.org/collectionimages/19001949/1923/1923.151.63.obv.width350.jpg|http://numismatics.org/collectionimages/19001949/1944/1944.100.52397.obv.width350.jpg,,http://numismatics.org/collectionimages/19501999/1995/1995.11.1139.obv.width350.jpg,AV images found in BM. No AE images found,218 AD- 226 AD
http://nomisma.org/id/julia_soaemias,Julia Soaemias,Severan,http://numismatics.org/ocre/results?q=portrait_facet:%22Julia Soaemias%22,,http://numismatics.org/collectionimages/19001949/1935/1935.117.640.obv.width350.jpg,,http://numismatics.org/collectionimages/19501999/1995/1995.11.1152.obv.width350.jpg,AV images found in BM,218 AD- 222 AD
http://nomisma.org/id/julia_paula,Julia Paula,Severan,http://numismatics.org/ocre/results?q=portrait_facet:%22Julia Paula%22,,http://numismatics.org/collectionimages/19001949/1944/1944.100.52420.obv.width350.jpg,http://numismatics.org/collectionimages/19001949/1935/1935.117.654.obv.width350.jpg,http://numismatics.org/collectionimages/19001949/1944/1944.100.52435.obv.width350.jpg,No AV images found,219 AD- 220 AD
http://nomisma.org/id/aquilia_severa,Aquilia Severa,Severan,http://numismatics.org/ocre/results?q=portrait_facet:%22Aquilia Severa%22,,http://numismatics.org/collectionimages/19001949/1948/1948.19.1802.obv.width350.jpg,,http://numismatics.org/collectionimages/19001949/1948/1948.19.1800.obv.width350.jpg,No AV and AE images found,218 AD- 222 AD
http://nomisma.org/id/annia_faustina,Annia Faustina,Severan,http://numismatics.org/ocre/results?q=portrait_facet:%22Anna Faustina%22,,,http://ww2.smb.museum/mk_edit/images/n3/3928/vs_opt.jpg,,No AV and AR images found,218 AD- 222 AD
http://nomisma.org/id/severus_alexander,Severus Alexander,Severan,http://numismatics.org/ocre/results?q=portrait_facet:%22Severus Alexander%22,http://numismatics.org/collectionimages/19501999/1955/1955.191.35.obv.width350.jpg|http://numismatics.org/collectionimages/19001949/1948/1948.19.1830.obv.width350.jpg,http://numismatics.org/collectionimages/19001949/1944/1944.100.52440.obv.width350.jpg|http://numismatics.org/collectionimages/19001949/1948/1948.19.1823.obv.width350.jpg,http://numismatics.org/collectionimages/19501999/1951/1951.61.87.obv.width350.jpg|http://ww2.smb.museum/mk_edit/images/n0/450/vs_opt.jpg,http://numismatics.org/collectionimages/19001949/1928/1928.103.12.obv.width350.jpg,,221 AD- 235 AD/250 AD- 251 AD
http://nomisma.org/id/julia_mamaea,Julia Mamaea,Severan,http://numismatics.org/ocre/results?q=portrait_facet:%22Julia Mamaea%22,http://ww2.smb.museum/mk_edit/images/n0/288/vs_opt.jpg,http://numismatics.org/collectionimages/19001949/1944/1944.100.53322.obv.width350.jpg,http://numismatics.org/collectionimages/19001949/1944/1944.100.53339.obv.width350.jpg,http://numismatics.org/collectionimages/00001899/0000/0000.999.23701.obv.width350.jpg,,222 AD- 235 AD
http://nomisma.org/id/sallustia_orbiana,Sallustia Orbiana,Severan,http://numismatics.org/ocre/results?q=portrait_facet:%22Sallustia Orbiana%22,,http://numismatics.org/collectionimages/19001949/1944/1944.100.53359.obv.width350.jpg,http://ww2.smb.museum/mk_edit/images/n4/4397/vs_opt.jpg,http://numismatics.org/collectionimages/19001949/1906/1906.236.535.obv.width350.jpg,AV images found in BM,225 AD- 227 AD
http://nomisma.org/id/maximinus_thrax,Maximinus Thrax,Third Century Crisis,http://numismatics.org/ocre/results?q=portrait_facet:%22Maximinus Thrax%22,,http://numismatics.org/collectionimages/19001949/1944/1944.100.7117.obv.width350.jpg,http://numismatics.org/collectionimages/19001949/1944/1944.100.10457.obv.width350.jpg,http://numismatics.org/collectionimages/19001949/1946/1946.35.98.obv.width350.jpg,No AV images found,235 AD- 238 AD
http://nomisma.org/id/caecilia_paulina,Caecilla Paulina,Third Century Crisis,http://numismatics.org/ocre/results?q=portrait_facet:%22Caecilla Paulina%22,,http://numismatics.org/collectionimages/19001949/1922/1922.999.47.obv.width350.jpg,http://numismatics.org/collectionimages/19001949/1944/1944.100.10614.obv.width350.jpg,http://numismatics.org/collectionimages/19501999/1964/1964.234.1.obv.width350.jpg,No AV images found,235 AD- 236 AD
http://nomisma.org/id/gaius_julius_verus_maximus,Maximus,Third Century Crisis,http://numismatics.org/ocre/results?q=portrait_facet:%22Maximus%22,,http://numismatics.org/collectionimages/19001949/1948/1948.19.371.obv.width350.jpg,http://numismatics.org/collectionimages/19501999/1957/1957.172.645.obv.width350.jpg,http://numismatics.org/collectionimages/00001899/0000/0000.999.6908.obv.width350.jpg,No AV images found,235 AD- 238 AD
http://nomisma.org/id/gordian_i,Gordian I,Third Century Crisis,http://numismatics.org/ocre/results?q=portrait_facet:%22Gordian I%22,,http://numismatics.org/collectionimages/19001949/1935/1935.117.97.obv.width350.jpg,http://numismatics.org/collectionimages/19501999/1954/1954.203.86.obv.width350.jpg,http://numismatics.org/collectionimages/19001949/1944/1944.100.11311.obv.width350.jpg,No AV images found,238 AD
http://nomisma.org/id/gordian_ii,Gordian II,Third Century Crisis,http://numismatics.org/ocre/results?q=portrait_facet:%22Gordian II%22,,http://numismatics.org/collectionimages/19001949/1944/1944.100.11347.obv.width350.jpg,http://numismatics.org/collectionimages/19501999/1974/1974.999.10.obv.width350.jpg,http://numismatics.org/collectionimages/19501999/1995/1995.11.1352.obv.width350.jpg,,238 AD
http://nomisma.org/id/balbinus,Balbinus,Third Century Crisis,http://numismatics.org/ocre/results?q=portrait_facet:%22Balbinus%22,,http://numismatics.org/collectionimages/19001949/1948/1948.19.383.obv.width350.jpg,http://ww2.smb.museum/mk_edit/images/n28/28142/vs_opt.jpg,http://numismatics.org/collectionimages/19501999/1995/1995.11.1349.obv.width350.jpg,No AV images found,238 AD
http://nomisma.org/id/pupienus,Pupienus,Third Century Crisis,http://numismatics.org/ocre/results?q=portrait_facet:%22Pupienus%22,,http://numismatics.org/collectionimages/19001949/1935/1935.117.115.obv.width350.jpg,http://numismatics.org/collectionimages/19001949/1944/1944.100.13624.obv.width350.jpg,http://numismatics.org/collectionimages/19001949/1944/1944.100.13623.obv.width350.jpg,No AV images found,238 AD
http://nomisma.org/id/gordian_iii,Gordian III,Third Century Crisis,http://numismatics.org/ocre/results?q=portrait_facet:%22Gordian III%22,http://numismatics.org/collectionimages/19001949/1948/1948.19.737.obv.width350.jpg|http://numismatics.org/collectionimages/19501999/1967/1967.153.196.obv.width350.jpg,http://numismatics.org/collectionimages/19001949/1948/1948.19.451.obv.width350.jpg|http://numismatics.org/collectionimages/19001949/1948/1948.19.724.obv.width350.jpg,http://ww2.smb.museum/mk_edit/images/n4/4729/vs_opt.jpg,http://numismatics.org/collectionimages/19001949/1906/1906.236.34.obv.width350.jpg,,238 AD- 245 AD/253 AD- 259 AD
http://nomisma.org/id/sabinia_tranquillina,Sabinia Tranquillina,Third Century Crisis,http://numismatics.org/ocre/results?q=portrait_facet:%22Sabinia Tranquillina%22,,http://numismatics.org/collectionimages/19001949/1944/1944.100.19967.obv.width350.jpg,,http://ww2.smb.museum/mk_edit/images/n4/4056/vs_opt.jpg,No good AE examples found,238 AD- 244 AD
http://nomisma.org/id/philip_the_arab,Philip the Arab,Third Century Crisis,http://numismatics.org/ocre/results?q=portrait_facet:%22Philip the Arab%22,http://ww2.smb.museum/mk_edit/images/n22/22161/vs_opt.jpg,http://numismatics.org/collectionimages/19001949/1935/1935.117.181.obv.width350.jpg,http://numismatics.org/collectionimages/19001949/1944/1944.100.18376.obv.width350.jpg,http://numismatics.org/collectionimages/19001949/1944/1944.100.18360.obv.width350.jpg,,244 AD- 249 AD/249 AD- 251 AD
http://nomisma.org/id/otacilia_severa,Otacilia Severa,Third Century Crisis,http://numismatics.org/ocre/results?q=portrait_facet:%22Otacilia Severa%22,,,http://ww2.smb.museum/mk_edit/images/n10/10240/vs_opt.jpg|http://numismatics.org/collectionimages/19001949/1935/1935.117.195.obv.width350.jpg,http://numismatics.org/collectionimages/19501999/1995/1995.11.1300.obv.width350.jpg,No AV and AR images found,244 AD- 251 AD
http://nomisma.org/id/philippus_ii,Philip II,Third Century Crisis,http://numismatics.org/ocre/results?q=portrait_facet:%22Philip II%22,http://numismatics.org/collectionimages/19501999/1967/1967.153.58.obv.width350.jpg,http://numismatics.org/collectionimages/19001949/1944/1944.100.18404.obv.width350.jpg,http://numismatics.org/collectionimages/19001949/1941/1941.131.504.obv.width350.jpg,http://numismatics.org/collectionimages/19001949/1906/1906.236.13.obv.width350.jpg,,249 AD- 251 AD
http://nomisma.org/id/pacatianus,Pacatianus,Third Century Crisis,http://numismatics.org/ocre/results?q=portrait_facet:%22Pacatianus%22,,http://ww2.smb.museum/mk_edit/images/n1/1425/vs_opt.jpg,,http://numismatics.org/collectionimages/19001949/1944/1944.100.18356.obv.width350.jpg,,248 AD- 249 AD
http://nomisma.org/id/jotapianus,Jotapianus,Third Century Crisis,http://numismatics.org/ocre/results?q=portrait_facet:%22Jotapianus%22,,http://ww2.smb.museum/mk_edit/images/n4/4063/vs_opt.jpg,,http://numismatics.org/collectionimages/19501999/1976/1976.159.1.obv.width350.jpg,,248 AD- 249 AD
http://nomisma.org/id/mar_silbannacus,Mar. Silbannacus,Third Century Crisis,http://numismatics.org/ocre/results?q=portrait_facet:%22Mar. Silbannacus%22,,,,,No Examples found,247 AD- 249 AD
http://nomisma.org/id/sponsianus,Sponsianus,Third Century Crisis,http://numismatics.org/ocre/results?q=portrait_facet:%22Sponsianus%22,,,,,No Examples found,222 AD- 284 AD
http://nomisma.org/id/trajan_decius,Trajan Decius,Third Century Crisis,http://numismatics.org/ocre/results?q=portrait_facet:%22Trajan Decius%22,http://numismatics.org/collectionimages/19501999/1967/1967.153.59.obv.width350.jpg,http://numismatics.org/collectionimages/19001949/1923/1923.151.27.obv.width350.jpg,http://numismatics.org/collectionimages/19501999/1957/1957.172.988.obv.width350.jpg,http://numismatics.org/collectionimages/19001949/1906/1906.236.32.obv.width350.jpg,,249 AD- 251 AD
http://nomisma.org/id/herennia_etruscilla,Herennia Etruscilla,Third Century Crisis,http://numismatics.org/ocre/results?q=portrait_facet:%22Herennia Etruscilla%22,http://numismatics.org/collectionimages/19501999/1967/1967.153.78.obv.width350.jpg,http://numismatics.org/collectionimages/19001949/1948/1948.19.830.obv.width350.jpg,http://numismatics.org/collectionimages/19001949/1944/1944.100.26978.obv.width350.jpg,http://numismatics.org/collectionimages/19001949/1920/1920.102.8.obv.width350.jpg,,249 AD- 251 AD
http://nomisma.org/id/herennius_etruscus,Herennius Etruscus,Third Century Crisis,http://numismatics.org/ocre/results?q=portrait_facet:%22Herennius Etruscus%22,,http://numismatics.org/collectionimages/19001949/1948/1948.19.836.obv.width350.jpg,http://numismatics.org/collectionimages/19501999/1957/1957.172.1204.obv.width350.jpg,http://numismatics.org/collectionimages/19001949/1944/1944.100.26998.obv.width350.jpg,AV images found in BM,249 AD- 251 AD
http://nomisma.org/id/hostilian,Hostilian,Third Century Crisis,http://numismatics.org/ocre/results?q=portrait_facet:%22Hostilian%22,http://numismatics.org/collectionimages/19001949/1948/1948.19.840.obv.width350.jpg,http://numismatics.org/collectionimages/19001949/1935/1935.117.234.obv.width350.jpg,http://numismatics.org/collectionimages/19501999/1954/1954.203.118.obv.width350.jpg,http://numismatics.org/collectionimages/19501999/1995/1995.11.1273.obv.width350.jpg,,249 AD- 251 AD
http://nomisma.org/id/trebonianus_gallus,Trebonianus Gallus,Third Century Crisis,http://numismatics.org/ocre/results?q=portrait_facet:%22Trebonianus Gallus%22,http://numismatics.org/collectionimages/19501999/1967/1967.153.80.obv.width350.jpg,http://numismatics.org/collectionimages/19001949/1944/1944.100.27014.obv.width350.jpg,http://ww2.smb.museum/mk_edit/images/n0/772/vs_opt.jpg,http://numismatics.org/collectionimages/19501999/1995/1995.11.1256.obv.width350.jpg,,250 AD- 253 AD
http://nomisma.org/id/volusian,Volusian,Third Century Crisis,http://numismatics.org/ocre/results?q=portrait_facet:%22Volusian%22,http://numismatics.org/collectionimages/19501999/1967/1967.153.81.obv.width350.jpg,http://numismatics.org/collectionimages/19501999/1983/1983.19.13.obv.width350.jpg,http://numismatics.org/collectionimages/19501999/1957/1957.172.1205.obv.width350.jpg,http://numismatics.org/collectionimages/00001899/0000/0000.999.11201.obv.width350.jpg,,251 AD- 253 AD
http://nomisma.org/id/aemilian,Aemilian,Third Century Crisis,http://numismatics.org/ocre/results?q=portrait_facet:%22Aemilian%22,,http://numismatics.org/collectionimages/19001949/1944/1944.100.27140.obv.width350.jpg,http://numismatics.org/collectionimages/19001949/1944/1944.100.27144.obv.width350.jpg,http://numismatics.org/collectionimages/19501999/1992/1992.1.17.obv.width350.jpg,AV images found in BM,253 AD
http://nomisma.org/id/cornelia_supera,Cornelia Supera,Third Century Crisis,http://numismatics.org/ocre/results?q=portrait_facet:%22Cornelia Supera%22,,http://numismatics.org/collectionimages/19001949/1944/1944.100.27147.obv.width350.jpg,,http://numismatics.org/collectionimages/19001949/1944/1944.100.27147.obv.width350.jpg|http://numismatics.org/collectionimages/00001899/%201966/%201966.209.1.obv.width350.jpg,,253 AD
http://nomisma.org/id/uranius_antoninus,Uranius Antoninus,Third Century Crisis,http://numismatics.org/ocre/results?q=portrait_facet:%22Uranius Antoninus%22,,,,,ric.4.uran_ant.3a recently added to ANS example,253 AD- 254 AD
http://nomisma.org/id/valerian,Valerian,Third Century Crisis,http://numismatics.org/ocre/results?q=portrait_facet:%22Valerian%22,http://numismatics.org/collectionimages/19501999/1967/1967.153.83.obv.width350.jpg,http://numismatics.org/collectionimages/19501999/1985/1985.5.19.obv.width350.jpg,http://numismatics.org/collectionimages/19501999/1954/1954.203.120.obv.width350.jpg,http://numismatics.org/collectionimages/19501999/1995/1995.11.1108.obv.width350.jpg,,253 AD- 260 AD
http://nomisma.org/id/egnatia_mariniana,Egnatia Mariniana,Third Century Crisis,http://numismatics.org/ocre/results?q=portrait_facet:%22Egnatia Mariniana%22,,http://numismatics.org/collectionimages/19001949/1944/1944.100.27252.obv.width350.jpg,http://numismatics.org/collectionimages/19001949/1944/1944.100.27256.obv.width350.jpg,http://numismatics.org/collectionimages/00001899/0000/0000.999.11203.obv.width350.jpg,AV images found in BM,253 AD- 256 AD
http://nomisma.org/id/gallienus,Gallienus,Third Century Crisis,http://numismatics.org/ocre/results?q=portrait_facet:%22Gallienus%22,http://ww2.smb.museum/mk_edit/images/n0/296/vs_opt.jpg|http://ww2.smb.museum/mk_edit/images/n5/5921/vs_opt.jpg,http://numismatics.org/collectionimages/19001949/1944/1944.100.30395.obv.width350.jpg|http://numismatics.org/collectionimages/19001949/1944/1944.100.85098.obv.width350.jpg,http://ww2.smb.museum/mk_edit/images/n0/693/vs_opt.jpg,http://numismatics.org/collectionimages/19001949/1944/1944.100.27204.obv.width350.jpg,,253 AD- 268 AD
http://nomisma.org/id/cornelia_salonina,Cornelia Salonina,Third Century Crisis,http://numismatics.org/ocre/results?q=portrait_facet:%22Cornelia Salonina%22,http://ww2.smb.museum/mk_edit/images/n0/689/vs_opt.jpg,http://numismatics.org/collectionimages/19001949/1912/1912.12.3.obv.width350.jpg|http://numismatics.org/collectionimages/19501999/1974/1974.26.528.obv.width350.jpg|http://numismatics.org/collectionimages/19001949/1935/1935.117.299.obv.width350.jpg|http://numismatics.org/collectionimages/19001949/1944/1944.100.30715.obv.width350.jpg,http://numismatics.org/collectionimages/19501999/1954/1954.203.132.obv.width350.jpg,http://numismatics.org/collectionimages/19501999/1991/1991.9.159.obv.width350.jpg,,253 AD- 268 AD
http://nomisma.org/id/quintus_julius_gallienus,Quintus Julius Gallienus,Third Century Crisis,http://numismatics.org/ocre/results?q=portrait_facet:%22Quintus Julius Gallienus%22,,,,,No Examples found,255 AD
http://nomisma.org/id/valerian_ii,Valerian II,Third Century Crisis,http://numismatics.org/ocre/results?q=portrait_facet:%22Valerian II%22,,http://ww2.smb.museum/mk_edit/images/n0/725/vs_opt.jpg,,http://numismatics.org/collectionimages/19501999/1970/1970.165.120.obv.width350.jpg,No AV images found,253 AD- 260 AD
http://nomisma.org/id/saloninus,Saloninus,Third Century Crisis,http://numismatics.org/ocre/results?q=portrait_facet:%22Saloninus%22,,http://numismatics.org/collectionimages/19001949/1944/1944.100.27288.obv.width350.jpg,,http://coins.lib.virginia.edu/images/coins/screen/n1991_17_167_obv.jpg,AV images found in BM,253 AD- 260 AD
http://nomisma.org/id/macrianus_minor,Macrianus Minor,Third Century Crisis,http://numismatics.org/ocre/results?q=portrait_facet:%22Macrianus Minor%22,,http://ww2.smb.museum/mk_edit/images/n0/812/vs_opt.jpg,,http://ww2.smb.museum/mk_edit/images/n1/1428/vs_opt.jpg,AV images found in BM,260 AD- 261 AD
http://nomisma.org/id/quietus,Quietus,Third Century Crisis,http://numismatics.org/ocre/results?q=portrait_facet:%22Quietus%22,http://ww2.smb.museum/mk_edit/images/n48/48667/vs_opt.jpg,http://ww2.smb.museum/mk_edit/images/n0/817/vs_opt.jpg,,,No AE and worn examples found,260 AD- 261 AD
http://nomisma.org/id/regalianus,Regalianus,Third Century Crisis,http://numismatics.org/ocre/results?q=portrait_facet:%22Regalianus%22,,,,http://ww2.smb.museum/mk_edit/images/n1/1426/vs_opt.jpg,Only found worn example,260 AD
http://nomisma.org/id/dryantilla,Dryantilla,Third Century Crisis,http://numismatics.org/ocre/results?q=portrait_facet:%22Dryantilla%22,,http://numismatics.org/collectionimages/19501999/1955/1955.9.1.obv.width350.jpg,,http://ww2.smb.museum/mk_edit/images/n1/1427/vs_opt.jpg,Only worn example found in Berlin. AV example from ANS needs to be uploaded,260 AD
http://nomisma.org/id/aureolus,Aureolus,Third Century Crisis,http://numismatics.org/ocre/results?q=portrait_facet:%22Aureolus%22,,,,,No Examples found,268 AD
http://nomisma.org/id/zenobia,Zenobia,Palmyra,http://numismatics.org/ocre/results?q=portrait_facet:%22Zenobia%22,,,,,No Examples found,258 AD- 273 AD
http://nomisma.org/id/vabalathus,Vabalathus,Palmyra,http://numismatics.org/ocre/results?q=portrait_facet:%22Vabalathus%22,,http://numismatics.org/collectionimages/19001949/1944/1944.100.32917.rev.width350.jpg,,http://ww2.smb.museum/mk_edit/images/n0/624/vs_opt.jpg,Portrait of Vabalathus worn example on Rev. (AR),267 AD- 275 AD
http://nomisma.org/id/postumus,Postumus,Gallic Empire,http://numismatics.org/ocre/results?q=portrait_facet:%22Postumus%22,http://ww2.smb.museum/mk_edit/images/n1/1429/vs_opt.jpg,http://ww2.smb.museum/mk_edit/images/n43/43496/vs_opt.jpg|http://ww2.smb.museum/mk_edit/images/n19/19798/vs_opt.jpg,http://ww2.smb.museum/mk_edit/images/n1/1439/vs_opt.jpg,http://numismatics.org/collectionimages/19501999/1951/1951.23.30.obv.width350.jpg,,260 AD- 269 AD
http://nomisma.org/id/laelianus,Laelianus,Gallic Empire,http://numismatics.org/ocre/results?q=portrait_facet:%22Laelianus%22,http://ww2.smb.museum/mk_edit/images/n1/1443/vs_opt.jpg,,,,No AR images found,269 AD
http://nomisma.org/id/marius,Marius,Gallic Empire,http://numismatics.org/ocre/results?q=portrait_facet:%22Marius%22,,http://ww2.smb.museum/mk_edit/images/n1/1448/vs_opt.jpg,,,AV images found in BM,269 AD
http://nomisma.org/id/victorinus,Victorinus,Gallic Empire,http://numismatics.org/ocre/results?q=portrait_facet:%22Victorinus%22,http://ww2.smb.museum/mk_edit/images/n19/19015/vs_opt.jpg,http://ww2.smb.museum/mk_edit/images/n19/19022/vs_opt.jpg|http://coins.lib.virginia.edu/images/coins/screen/n1987_46_12_obv.jpg,,http://coins.lib.virginia.edu/images/coins/screen/n1991_17_256_obv.jpg,http://archaeologie.uni-muenster.de/ikmk-ms/object.php?id=ID283 is a Silver coin not Bronze,269 AD- 271 AD
http://nomisma.org/id/domitian_ii,Domitian II,Gallic Empire,http://numismatics.org/ocre/results?q=portrait_facet:%22Domitian II%22,,,,,No Examples found,270 AD- 271 AD
http://nomisma.org/id/tetricus_i,Tetricus I,Gallic Empire,http://numismatics.org/ocre/results?q=portrait_facet:%22Tetricus I%22,http://ww2.smb.museum/mk_edit/images/n43/43501/vs_opt.jpg,http://coins.lib.virginia.edu/images/coins/screen/n1987_46_18_obv.jpg,http://numismatics.org/collectionimages/19501999/1984/1984.67.911.obv.width350.jpg,http://coins.lib.virginia.edu/images/coins/screen/n1991_17_278_obv.jpg,ANS AE images appear as AR in Mantis. FMP has been updated and it should be uploaded to Mantis to show changes,271 AD- 274 AD
http://nomisma.org/id/tetricus_ii,Tetricus II,Gallic Empire,http://numismatics.org/ocre/results?q=portrait_facet:%22Tetricus II%22,http://ww2.smb.museum/mk_edit/images/n43/43504/vs_opt.jpg,http://numismatics.org/collectionimages/19501999/1984/1984.67.1631.obv.width350.jpg|http://coins.lib.virginia.edu/images/coins/screen/n1987_46_28_obv.jpg,http://numismatics.org/collectionimages/19501999/1984/1984.67.3893.obv.width350.jpg,http://coins.lib.virginia.edu/images/coins/screen/n1991_17_294_obv.jpg,ANS 1984.67.1631 needs to be uploaded to OCRE. ANS 1984.67.389 AE images appear as AR in Mantis. FMP has been updated and it should be uploaded to Mantis to show changes,271 AD- 274 AD
http://nomisma.org/id/claudius_ii_gothicus,Claudius II Gothicus,Third Century Restoration,http://numismatics.org/ocre/results?q=portrait_facet:%22Claudius II Gothicus%22,http://numismatics.org/collectionimages/19001949/1944/1944.100.32598.obv.width350.jpg,http://numismatics.org/collectionimages/19501999/1983/1983.202.1.obv.width350.jpg,http://numismatics.org/collectionimages/19501999/1984/1984.146.2070.obv.width350.jpg,http://numismatics.org/collectionimages/19001949/1906/1906.236.143.obv.width350.jpg,,268 AD- 282 AD/306 AD- 337 AD
http://nomisma.org/id/quintillus,Quintillus,Third Century Restoration,http://numismatics.org/ocre/results?q=portrait_facet:%22Quintillus%22,,http://numismatics.org/collectionimages/19001949/1935/1935.117.325.obv.width350.jpg,,http://numismatics.org/collectionimages/19001949/1906/1906.236.153.obv.width350.jpg,No AV images found,270 AD
http://nomisma.org/id/aurelian,Aurelian,Third Century Restoration,http://numismatics.org/ocre/results?q=portrait_facet:%22Aurelian%22,http://ww2.smb.museum/mk_edit/images/n0/744/vs_opt.jpg,http://numismatics.org/collectionimages/19001949/1948/1948.19.930.obv.width350.jpg,http://numismatics.org/collectionimages/19501999/1983/1983.19.1.obv.width350.jpg,http://numismatics.org/collectionimages/19001949/1947/1947.2.374.obv.width350.jpg,http://numismatics.org/collection/1967.153.86 (ric.5.aur.182) is a variant not included in OCRE,270 AD- 275 AD
http://nomisma.org/id/ulpia_severina,Ulpia Severina,Third Century Restoration,http://numismatics.org/ocre/results?q=portrait_facet:%22Ulpia Severina%22,,http://numismatics.org/collectionimages/19501999/1985/1985.5.17.obv.width350.jpg,,http://numismatics.org/collectionimages/19501999/1995/1995.11.695.obv.width350.jpg,AV images found in BM,270 AD- 275 AD
http://nomisma.org/id/tacitus,Tacitus,Third Century Restoration,http://numismatics.org/ocre/results?q=portrait_facet:%22Tacitus%22,http://numismatics.org/collectionimages/19001949/1947/1947.2.399.obv.width350.jpg,http://numismatics.org/collectionimages/19001949/1944/1944.100.33052.obv.width350.jpg,,http://numismatics.org/collectionimages/19501999/1995/1995.11.687.obv.width350.jpg,No AE images found,275 AD- 276 AD
http://nomisma.org/id/florianus,Florianus,Third Century Restoration,http://numismatics.org/ocre/results?q=portrait_facet:%22Florianus%22,http://ww2.smb.museum/mk_edit/images/n1/1483/vs_opt.jpg,http://numismatics.org/collectionimages/19001949/1944/1944.100.33082.obv.width350.jpg,,http://numismatics.org/collectionimages/19501999/1995/1995.39.79.obv.width350.jpg,No good AE images found,276 AD
http://nomisma.org/id/probus,Probus,Third Century Restoration,http://numismatics.org/ocre/results?q=portrait_facet:%22Probus%22,http://ww2.smb.museum/mk_edit/images/n49/49351/vs_opt.jpg|http://ww2.smb.museum/mk_edit/images/n18/18366/vs_opt.jpg|http://numismatics.org/collectionimages/19501999/1967/1967.153.88.obv.width350.jpg,http://numismatics.org/collectionimages/19001949/1944/1944.100.33136.obv.width350.jpg|http://numismatics.org/collectionimages/19501999/1989/1989.11.27.obv.width350.jpg,,http://numismatics.org/collectionimages/19001949/1944/1944.100.33170.obv.width350.jpg,AE images found in BM,276 AD- 282 AD
http://nomisma.org/id/saturninus,Saturninus,Third Century Restoration,http://numismatics.org/ocre/results?q=portrait_facet:%22Saturninus%22,,,,,No Examples found,280 AD
http://nomisma.org/id/bonosus,Bonosus,Third Century Restoration,http://numismatics.org/ocre/results?q=portrait_facet:%22Bonosus%22,,,,,No Examples found,281 AD
http://nomisma.org/id/carus,Carus,Third Century Restoration,http://numismatics.org/ocre/results?q=portrait_facet:%22Carus%22,http://numismatics.org/collectionimages/19501999/1967/1967.153.90.obv.width350.jpg,http://numismatics.org/collectionimages/19001949/1944/1944.100.36384.obv.width350.jpg,,,No AE images found,282 AD- 285 AD
http://nomisma.org/id/numerian,Numerian,Third Century Restoration,http://numismatics.org/ocre/results?q=portrait_facet:%22Numerian%22,http://numismatics.org/collectionimages/19501999/1967/1967.153.203.obv.width350.jpg,http://numismatics.org/collectionimages/19001949/1944/1944.100.36646.obv.width350.jpg,,,No AE images found,282 AD- 285 AD
http://nomisma.org/id/carinus,Carinus,Third Century Restoration,http://numismatics.org/ocre/results?q=portrait_facet:%22Carinus%22,http://ww2.smb.museum/mk_edit/images/n53/53599/vs_opt.jpg|http://ww2.smb.museum/mk_edit/images/n53/53594/vs_opt.jpg,http://numismatics.org/collectionimages/19001949/1944/1944.100.36445.obv.width350.jpg,,,No AE images found,282 AD- 285 AD
http://nomisma.org/id/magnia_urbica,Magnia Urbica,Third Century Restoration,http://numismatics.org/ocre/results?q=portrait_facet:%22Magnia Urbica%22,http://ww2.smb.museum/mk_edit/images/n0/784/vs_opt.jpg,http://ww2.smb.museum/mk_edit/images/n0/801/vs_opt.jpg,,http://numismatics.org/collectionimages/19001949/1944/1944.100.36597.obv.width350.jpg,,283 AD- 285 AD
http://nomisma.org/id/nigrinian,Nigrinian,Third Century Restoration,http://numismatics.org/ocre/results?q=portrait_facet:%22Nigrinian%22,http://ww2.smb.museum/mk_edit/images/n0/774/vs_opt.jpg,http://ww2.smb.museum/mk_edit/images/n0/807/vs_opt.jpg,,http://numismatics.org/collectionimages/19001949/1944/1944.100.36667.obv.width350.jpg,,284 AD- 285 AD
http://nomisma.org/id/sabinus_julianus,Sabinus Julianus,Third Century Restoration,http://numismatics.org/ocre/results?q=portrait_facet:%22Sabinus Julianus%22,http://numismatics.org/collectionimages/19501999/1967/1967.153.85.obv.width350.jpg,http://ww2.smb.museum/mk_edit/images/n1/1496/vs_opt.jpg,,http://numismatics.org/collectionimages/19001949/1944/1944.100.30911.obv.width350.jpg,,283 AD- 286 AD
http://nomisma.org/id/amandus,Amandus,Third Century Restoration,http://numismatics.org/ocre/results?q=portrait_facet:%22Amandus%22,,,,,No Examples found,285 AD- 286 AD
http://nomisma.org/id/carausius,Carausius,British Empire,http://numismatics.org/ocre/results?q=portrait_facet:%22Carausius%22,,http://ww2.smb.museum/mk_edit/images/n39/39819/vs_opt.jpg,,,AV images found in BM. ANS AV images of poor quality. No AE images found,286 AD- 293 AD
http://nomisma.org/id/allectus,Allectus,British Empire,http://numismatics.org/ocre/results?q=portrait_facet:%22Allectus%22,http://ww2.smb.museum/mk_edit/images/n1/1504/vs_opt.jpg,http://numismatics.org/collectionimages/19001949/1935/1935.38.2.obv.width350.jpg,,http://ww2.smb.museum/mk_edit/images/n41/41480/vs_opt.jpg,ANS 1935.38.2 AR images need to be uploaded to OCRE,293 AD- 296 AD
http://nomisma.org/id/diocletian,Diocletian,Tetrarchy,http://numismatics.org/ocre/results?q=portrait_facet:%22Diocletian%22,http://numismatics.org/collectionimages/19001949/1944/1944.100.5852.obv.width350.jpg|http://numismatics.org/collectionimages/19001949/1944/1944.100.5857.obv.width350.jpg,http://ww2.smb.museum/mk_edit/images/n27/27607/vs_opt.jpg|http://ww2.smb.museum/mk_edit/images/n27/27188/vs_opt.jpg,http://numismatics.org/collectionimages/19501999/1984/1984.146.1143.obv.width350.jpg|http://ww2.smb.museum/mk_edit/images/n1/1084/vs_opt.jpg,http://ww2.smb.museum/mk_edit/images/n27/27559/vs_opt.jpg,,284 AD- 311 AD
http://nomisma.org/id/maximian,Maximian,Tetrarchy,http://numismatics.org/ocre/results?q=portrait_facet:%22Maximian%22,http://ww2.smb.museum/mk_edit/images/n2/2602/vs_opt.jpg|http://ww2.smb.museum/mk_edit/images/n29/29134/vs_opt.jpg,http://ww2.smb.museum/mk_edit/images/n39/39570/vs_opt.jpg|http://ww2.smb.museum/mk_edit/images/n46/46883/vs_opt.jpg,http://numismatics.org/collectionimages/19501999/1984/1984.146.200.obv.width350.jpg|http://numismatics.org/collectionimages/19001949/1944/1944.100.5940.obv.width350.jpg|http://ww2.smb.museum/mk_edit/images/n36/36905/vs_opt.jpg,http://numismatics.org/collectionimages/19001949/1922/1922.38.9.obv.width350.jpg,,284 AD- 318 AD
http://nomisma.org/id/constantius_chlorus,Constantius Chlorus,Tetrarchy,http://numismatics.org/ocre/results?q=portrait_facet:%22Constantius Chlorus%22,http://ww2.smb.museum/mk_edit/images/n46/46863/vs_opt.jpg|http://ww2.smb.museum/mk_edit/images/n0/527/vs_opt.jpg,http://ww2.smb.museum/mk_edit/images/n46/46875/vs_opt.jpg|http://ww2.smb.museum/mk_edit/images/n46/46880/vs_opt.jpg,http://numismatics.org/collectionimages/19501999/1984/1984.146.1281.obv.width350.jpg|http://numismatics.org/collectionimages/19501999/1984/1984.146.1181.obv.width350.jpg,http://ww2.smb.museum/mk_edit/images/n34/34161/vs_opt.jpg,,293 AD- 305 AD
http://nomisma.org/id/galerius,Galerius,Tetrarchy,http://numismatics.org/ocre/results?q=portrait_facet:%22Galerius%22,http://numismatics.org/collectionimages/19501999/1967/1967.153.39.obv.width350.jpg|http://numismatics.org/collectionimages/19001949/1944/1944.100.5957.obv.width350.jpg,http://ww2.smb.museum/mk_edit/images/n40/40989/vs_opt.jpg,http://numismatics.org/collectionimages/19501999/1984/1984.146.1168.obv.width350.jpg,http://ww2.smb.museum/mk_edit/images/n29/29863/vs_opt.jpg,,284 AD- 313 AD
http://nomisma.org/id/galeria_valeria,Galeria Valeria,Tetrarchy,http://numismatics.org/ocre/results?q=portrait_facet:%22Galeria Valeria%22,http://numismatics.org/collectionimages/19501999/1967/1967.153.28.obv.width350.jpg,,http://ww2.smb.museum/mk_edit/images/n1/1140/vs_opt.jpg,,No worn examples found,307 AD- 311 AD
http://nomisma.org/id/domitius_domitianus,Domitius Domitianus,Tetrarchy,http://numismatics.org/ocre/results?q=portrait_facet:%22Domitius Domitianus%22,,,http://numismatics.org/collectionimages/19501999/1974/1974.26.31.obv.width350.jpg,,No AV images found,294 AD- 296 AD
http://nomisma.org/id/severus_ii,Severus II,Tetrarchy,http://numismatics.org/ocre/results?q=portrait_facet:%22Severus II%22,http://numismatics.org/collectionimages/19001949/1944/1944.100.5959.obv.width350.jpg,,http://numismatics.org/collectionimages/19501999/1984/1984.146.1324.obv.width350.jpg,http://ww2.smb.museum/mk_edit/images/n29/29754/vs_opt.jpg,AR images found in BM,305 AD- 307 AD
http://nomisma.org/id/maxentius,Maxentius,Tetrarchy,http://numismatics.org/ocre/results?q=portrait_facet:%22Maxentius%22,http://ww2.smb.museum/mk_edit/images/n3/3501/vs_opt.jpg,http://ww2.smb.museum/mk_edit/images/n3/3510/vs_opt.jpg|http://ww2.smb.museum/mk_edit/images/n1/1134/vs_opt.jpg,http://numismatics.org/collectionimages/19501999/1984/1984.146.1714.obv.width350.jpg|http://numismatics.org/collectionimages/19001949/1944/1944.100.3010.obv.width350.jpg,http://numismatics.org/collectionimages/19501999/1954/1954.18.50.obv.width350.jpg,,307 AD- 312 AD
http://nomisma.org/id/maximinus_daia,Maximinus Daia,Tetrarchy,http://numismatics.org/ocre/results?q=portrait_facet:%22Maximinus Daia%22,http://ww2.smb.museum/mk_edit/images/n31/31802/vs_opt.jpg|http://ww2.smb.museum/mk_edit/images/n31/31814/vs_opt.jpg|http://numismatics.org/collectionimages/19001949/1944/1944.100.1881.obv.width350.jpg,,http://numismatics.org/collectionimages/19501999/1984/1984.146.488.obv.width350.jpg|http://ww2.smb.museum/mk_edit/images/n17/17767/vs_opt.jpg,http://ww2.smb.museum/mk_edit/images/n34/34178/vs_opt.jpg,AR images found in BM,305 AD- 313 AD
http://nomisma.org/id/domitius_alexander,Domitius Alexander,Tetrarchy,http://numismatics.org/ocre/results?q=portrait_facet:%22Domitius Alexander%22,http://ww2.smb.museum/mk_edit/images/n1/1508/vs_opt.jpg,,http://ww2.smb.museum/mk_edit/images/n36/36182/vs_opt.jpg,http://numismatics.org/collectionimages/19501999/1979/1979.153.1.obv.width350.jpg,,308 AD- 311 AD
http://nomisma.org/id/constantine_i,Constantine I,Constantine-Licinius,http://numismatics.org/ocre/results?q=portrait_facet:%22Constantine I%22,http://ww2.smb.museum/mk_edit/images/n2/2589/vs_opt.jpg|http://ww2.smb.museum/mk_edit/images/n0/463/vs_opt.jpg|http://ww2.smb.museum/mk_edit/images/n30/30519/vs_opt.jpg|http://numismatics.org/collectionimages/19501999/1957/1957.172.648.obv.width350.jpg|http://numismatics.org/collectionimages/19501999/1967/1967.153.47.obv.width350.jpg,http://ww2.smb.museum/mk_edit/images/n31/31563/vs_opt.jpg,http://numismatics.org/collectionimages/19001949/1944/1944.100.5985.obv.width350.jpg|http://numismatics.org/collectionimages/19501999/1974/1974.136.48.obv.width350.jpg,http://ww2.smb.museum/mk_edit/images/n34/34207/vs_opt.jpg,,305 AD- 337 AD/337 AD- 348 AD
http://nomisma.org/id/fausta,Fausta,Constantine-Licinius,http://numismatics.org/ocre/results?q=portrait_facet:%22Fausta%22,http://ww2.smb.museum/mk_edit/images/n0/832/vs_opt.jpg,,http://numismatics.org/collectionimages/19501999/1984/1984.146.1541.obv.width350.jpg,http://numismatics.org/collectionimages/00001899/0000/0000.999.6922.obv.width350.jpg,AR images found in BM are not shown in OCRE,307 AD- 328 AD
http://nomisma.org/id/licinius,Licinius,Constantine-Licinius,http://numismatics.org/ocre/results?q=portrait_facet:%22Licinius%22,http://numismatics.org/collectionimages/19001949/1948/1948.19.289.obv.width350.jpg|http://ww2.smb.museum/mk_edit/images/n1/1154/vs_opt.jpg,,http://numismatics.org/collectionimages/19501999/1984/1984.146.1361.obv.width350.jpg|http://numismatics.org/collectionimages/19001949/1905/1905.57.75.obv.width350.jpg,http://ww2.smb.museum/mk_edit/images/n44/44285/vs_opt.jpg,AR images found in BM,308 AD- 337 AD
http://nomisma.org/id/valerius_valens,Valerius Valens,Constantine-Licinius,http://numismatics.org/ocre/results?q=portrait_facet:%22Valerius Valens%22,,,http://ww2.smb.museum/mk_edit/images/n1/1509/vs_opt.jpg,,,316 AD- 317 AD
http://nomisma.org/id/crispus,Crispus,Constantine-Licinius,http://numismatics.org/ocre/results?q=portrait_facet:%22Crispus%22,http://ww2.smb.museum/mk_edit/images/n38/38138/vs_opt.jpg,http://ww2.smb.museum/mk_edit/images/n0/837/vs_opt.jpg,http://numismatics.org/collectionimages/19501999/1984/1984.146.1245.obv.width350.jpg|http://numismatics.org/collectionimages/19501999/1984/1984.146.1629.obv.width350.jpg,http://numismatics.org/collectionimages/00001899/0000/0000.999.7023.obv.width350.jpg,,317 AD- 327 AD
http://nomisma.org/id/sextus_martinianus,Martinianus,Constantine-Licinius,http://numismatics.org/ocre/results?q=portrait_facet:%22Martinianus%22,,,,,AE images found in BM,321 AD- 324 AD
http://nomisma.org/id/licinius_ii,Licinius II,Constantine-Licinius,http://numismatics.org/ocre/results?q=portrait_facet:%22Licinius II%22,http://ww2.smb.museum/mk_edit/images/n1/1166/vs_opt.jpg,,http://numismatics.org/collectionimages/19501999/1984/1984.146.517.obv.width350.jpg,http://numismatics.org/collectionimages/19001949/1944/1944.100.11312.obv.width350.jpg,,308 AD- 337 AD
http://nomisma.org/id/helena,Helena,Constantinides,http://numismatics.org/ocre/results?q=portrait_facet:%22Helena%22,,,http://numismatics.org/collectionimages/19501999/1984/1984.146.1536.obv.width350.jpg|http://numismatics.org/collectionimages/19001949/1944/1944.100.23773.obv.width350.jpg,http://numismatics.org/collectionimages/19001949/1944/1944.100.20581.obv.width350.jpg,,324 AD- 340 AD
http://nomisma.org/id/flavia_iulia_constantia,Flavia Iulia Constantia,Constantinides,http://numismatics.org/ocre/results?q=portrait_facet:%22Flavia Iulia Constantia%22,,,,,No Examples found,326 AD- 327 AD
http://nomisma.org/id/constantine_ii,Constantine II,Constantinides,http://numismatics.org/ocre/results?q=portrait_facet:%22Constantine II%22,http://ww2.smb.museum/mk_edit/images/n46/46036/vs_opt.jpg,http://ww2.smb.museum/mk_edit/images/n46/46042/vs_opt.jpg,http://numismatics.org/collectionimages/19001949/1944/1944.100.13154.obv.width350.jpg|http://ww2.smb.museum/mk_edit/images/n2/2647/vs_opt.jpg|http://numismatics.org/collectionimages/19001949/1944/1944.100.20741.obv.width350.jpg,http://numismatics.org/collectionimages/19001949/1944/1944.100.13490.obv.width350.jpg,,317 AD- 340 AD
http://nomisma.org/id/theodora,Theodora,Constantinides,http://numismatics.org/ocre/results?q=portrait_facet:%22Theodora%22,,,http://ww2.smb.museum/mk_edit/images/n0/666/vs_opt.jpg,http://numismatics.org/collectionimages/19001949/1944/1944.100.20594.obv.width350.jpg,,337 AD- 340 AD
http://nomisma.org/id/constantius_ii,Constantius II,Constantinides,http://numismatics.org/ocre/results?q=portrait_facet:%22Constantius II%22,http://numismatics.org/collectionimages/19001949/1944/1944.100.13273.obv.width350.jpg|http://numismatics.org/collectionimages/19501999/1956/1956.184.9.obv.width350.jpg|http://numismatics.org/collectionimages/19501999/1957/1957.172.1018.obv.width350.jpg,http://ww2.smb.museum/mk_edit/images/n0/881/vs_opt.jpg|http://numismatics.org/collectionimages/00001899/0000/0000.999.8971.obv.width350.jpg,http://ww2.smb.museum/mk_edit/images/n6/6606/vs_opt.jpg|http://ww2.smb.museum/mk_edit/images/n6/6615/vs_opt.jpg,http://numismatics.org/collectionimages/19501999/1994/1994.123.281.obv.width350.jpg,,324 AD- 361 AD
http://nomisma.org/id/constans,Constans,Constantinides,http://numismatics.org/ocre/results?q=portrait_facet:%22Constans%22,http://numismatics.org/collectionimages/19001949/1944/1944.100.21972.obv.width350.jpg|http://ww2.smb.museum/mk_edit/images/n2/2815/vs_opt.jpg|http://ww2.smb.museum/mk_edit/images/n0/876/vs_opt.jpg,http://numismatics.org/collectionimages/19501999/1967/1967.153.62.obv.width350.jpg,http://numismatics.org/collectionimages/19001949/1944/1944.100.11415.obv.width350.jpg|http://numismatics.org/collectionimages/19501999/1984/1984.146.2169.obv.width350.jpg,http://numismatics.org/collectionimages/19001949/1944/1944.100.20604.obv.width350.jpg,,333 AD- 350 AD/347 AD- 355 AD
http://nomisma.org/id/dalmatius,Dalmatius,Constantinides,http://numismatics.org/ocre/results?q=portrait_facet:%22Dalmatius%22,,,http://numismatics.org/collectionimages/19001949/1944/1944.100.11422.obv.width350.jpg|http://numismatics.org/collectionimages/19501999/1984/1984.146.911.obv.width350.jpg,http://numismatics.org/collectionimages/19001949/1944/1944.100.13503.obv.width350.jpg,AV and AR images found in BM,335 AD- 337 AD
http://nomisma.org/id/hannibalianus,Hannibalianus,Constantinides,http://numismatics.org/ocre/results?q=portrait_facet:%22Hannibalianus%22,,,http://numismatics.org/collectionimages/19001949/1919/1919.1.1.obv.width350.jpg,http://ww2.smb.museum/mk_edit/images/n1/1276/vs_opt.jpg,AR images found in BM,335 AD- 337 AD
http://nomisma.org/id/constantius_gallus,Constantius Gallus,Constantinides,http://numismatics.org/ocre/results?q=portrait_facet:%22Constantius Gallus%22,http://numismatics.org/collectionimages/19501999/1967/1967.153.65.obv.width350.jpg,http://numismatics.org/collectionimages/19501999/1966/1966.103.1.obv.width350.jpg,http://numismatics.org/collectionimages/19001949/1944/1944.100.20572.obv.width350.jpg,http://numismatics.org/collectionimages/19001949/1944/1944.100.21930.obv.width350.jpg,,347 AD- 355 AD
http://nomisma.org/id/magnentius,Magnentius,Constantinides,http://numismatics.org/ocre/results?q=portrait_facet:%22Magnentius%22,http://numismatics.org/collectionimages/19001949/1944/1944.100.20641.obv.width350.jpg|http://ww2.smb.museum/mk_edit/images/n51/51622/vs_opt.jpg|http://numismatics.org/collectionimages/19001949/1944/1944.100.20476.obv.width350.jpg,http://ww2.smb.museum/mk_edit/images/n51/51624/vs_opt.jpg,http://ww2.smb.museum/mk_edit/images/n16/16253/vs_opt.jpg|http://numismatics.org/collectionimages/19501999/1984/1984.146.2173.obv.width350.jpg|http://ww2.smb.museum/mk_edit/images/n0/316/vs_opt.jpg,http://numismatics.org/collectionimages/19001949/1922/1922.38.103.obv.width350.jpg,,350 AD- 353 AD
http://nomisma.org/id/nepotianus,Nepotianus,Constantinides,http://numismatics.org/ocre/results?q=portrait_facet:%22Nepotianus%22,,,http://ww2.smb.museum/mk_edit/images/n1/1524/vs_opt.jpg,http://numismatics.org/collectionimages/19001949/1944/1944.100.20839.obv.width350.jpg,No AV images found,350 AD
http://nomisma.org/id/decentius,Decentius,Constantinides,http://numismatics.org/ocre/results?q=portrait_facet:%22Decentius%22,http://ww2.smb.museum/mk_edit/images/n50/50150/vs_opt.jpg,http://ww2.smb.museum/mk_edit/images/n49/49254/vs_opt.jpg,http://numismatics.org/collectionimages/20002049/2004/2004.14.208.obv.width350.jpg|http://ww2.smb.museum/mk_edit/images/n6/6635/vs_opt.jpg,http://ww2.smb.museum/mk_edit/images/n10/10547/vs_opt.jpg,,350 AD- 353 AD
http://nomisma.org/id/vetranio,Vetranio,Constantinides,http://numismatics.org/ocre/results?q=portrait_facet:%22Vetranio%22,,http://ww2.smb.museum/mk_edit/images/n1/1348/vs_opt.jpg,http://ww2.smb.museum/mk_edit/images/n0/319/vs_opt.jpg,http://numismatics.org/collectionimages/19001949/1944/1944.100.21047.obv.width350.jpg,No AV images found,350 AD
http://nomisma.org/id/julian_the_apostate,Julian the Apostate,Constantinides,http://numismatics.org/ocre/results?q=portrait_facet:%22Julian the Apostate%22,http://numismatics.org/collectionimages/19001949/1944/1944.100.20964.obv.width350.jpg|http://numismatics.org/collectionimages/19001949/1944/1944.100.22357.obv.width350.jpg|http://ww2.smb.museum/mk_edit/images/n34/34710/vs_opt.jpg,http://numismatics.org/collectionimages/19001949/1944/1944.100.20710.obv.width350.jpg|http://numismatics.org/collectionimages/19001949/1944/1944.100.23743.obv.width350.jpg,http://numismatics.org/collectionimages/19501999/1984/1984.146.2223.obv.width350.jpg|http://numismatics.org/collectionimages/19001949/1948/1948.19.769.obv.width350.jpg|http://numismatics.org/collectionimages/19001949/1944/1944.100.23747.obv.width350.jpg,http://numismatics.org/collectionimages/19001949/1944/1944.100.23733.obv.width350.jpg,,355 AD- 363 AD
http://nomisma.org/id/jovianus,Jovianus,Constantinides,http://numismatics.org/ocre/results?q=portrait_facet:%22Jovianus%22,http://numismatics.org/collectionimages/19501999/1974/1974.26.233.obv.width350.jpg,http://numismatics.org/collectionimages/19001949/1944/1944.100.21391.obv.width350.jpg,http://numismatics.org/collectionimages/19001949/1944/1944.100.23464.obv.width350.jpg,http://numismatics.org/collectionimages/19501999/1994/1994.123.284.obv.width350.jpg,,336 AD- 364 AD
http://nomisma.org/id/valentinian_i,Valentinian I,Valentinians/Theodosus,http://numismatics.org/ocre/results?q=portrait_facet:%22Valentinian I%22,http://ww2.smb.museum/mk_edit/images/n0/883/vs_opt.jpg|http://ww2.smb.museum/mk_edit/images/n0/885/vs_opt.jpg,http://ww2.smb.museum/mk_edit/images/n0/322/vs_opt.jpg|http://ww2.smb.museum/mk_edit/images/n1/1367/vs_opt.jpg,http://ww2.smb.museum/mk_edit/images/n1/1378/vs_opt.jpg,,Only worn example found in Harvard,364 AD- 375 AD
http://nomisma.org/id/valens,Valens,Valentinians/Theodosus,http://numismatics.org/ocre/results?q=portrait_facet:%22Valens%22,http://ww2.smb.museum/mk_edit/images/n2/2892/vs_opt.jpg|http://ww2.smb.museum/mk_edit/images/n2/2392/vs_opt.jpg|http://ww2.smb.museum/mk_edit/images/n0/323/vs_opt.jpg,http://ww2.smb.museum/mk_edit/images/n1/1390/vs_opt.jpg,http://ww2.smb.museum/mk_edit/images/n6/6640/vs_opt.jpg,,Only worn example found in Harvard,364 AD- 383 AD
http://nomisma.org/id/procopius,Procopius,Valentinians/Theodosus,http://numismatics.org/ocre/results?q=portrait_facet:%22Procopius%22,,,,,AV images found in BM. No AR images found,364 AD- 367 AD
http://nomisma.org/id/gratian,Gratian,Valentinians/Theodosus,http://numismatics.org/ocre/results?q=portrait_facet:%22Gratian%22,http://ww2.smb.museum/mk_edit/images/n2/2415/vs_opt.jpg|http://ww2.smb.museum/mk_edit/images/n6/6644/vs_opt.jpg,http://ww2.smb.museum/mk_edit/images/n2/2877/vs_opt.jpg,http://ww2.smb.museum/mk_edit/images/n10/10676/vs_opt.jpg,,Only worn example found in Harvard,367 AD- 383 AD
http://nomisma.org/id/valentinian_ii,Valentinian II,Valentinians/Theodosus,http://numismatics.org/ocre/results?q=portrait_facet:%22Valentinian II%22,http://ww2.smb.museum/mk_edit/images/n2/2596/vs_opt.jpg,http://ww2.smb.museum/mk_edit/images/n1/1401/vs_opt.jpg,http://ww2.smb.museum/mk_edit/images/n1/1403/vs_opt.jpg,http://ww2.smb.museum/mk_edit/images/n10/10779/vs_opt.jpg,,378 AD- 392 AD
http://nomisma.org/id/theodosius_i,Theodosius I,Valentinians/Theodosus,http://numismatics.org/ocre/results?q=portrait_facet:%22Theodosius I%22,http://ww2.smb.museum/mk_edit/images/n36/36973/vs_opt.jpg|http://ww2.smb.museum/mk_edit/images/n0/922/vs_opt.jpg,,http://numismatics.org/collectionimages/19001949/1925/1925.176.121.obv.width350.jpg,http://ww2.smb.museum/mk_edit/images/n10/10793/vs_opt.jpg,No good AR examples found. ANS AE 1925.176.121 isn't included in OCRE and Mantis record hasn't been updated yet,378 AD- 395 AD
http://nomisma.org/id/aelia_flacilla,Aelia Flacilla,Valentinians/Theodosus,http://numismatics.org/ocre/results?q=portrait_facet:%22Aelia Flacilla%22,http://ww2.smb.museum/mk_edit/images/n1/1411/vs_opt.jpg,,http://ww2.smb.museum/mk_edit/images/n0/324/vs_opt.jpg,,ANS AV 1977.158.929 not in OCRE?. No Worn example found,378 AD- 388 AD
http://nomisma.org/id/magnus_maximus,Magnus Maximus,Valentinians/Theodosus,http://numismatics.org/ocre/results?q=portrait_facet:%22Magnus Maximus%22,http://ww2.smb.museum/mk_edit/images/n1/1075/vs_opt.jpg|http://ww2.smb.museum/mk_edit/images/n1/1529/vs_opt.jpg,,,http://ww2.smb.museum/mk_edit/images/n58/58017/vs_opt.jpg,AR and AE images found in BM and Fitzwilliam museum of no good quality,383 AD- 388 AD
http://nomisma.org/id/flavius_victor,Flavius Victor,Valentinians/Theodosus,http://numismatics.org/ocre/results?q=portrait_facet:%22Flavius Victor%22,,,,,No AV and AE images found. AR images found in Fitzwilliam museum. AR images found in BM of not good quality,383 AD- 388 AD
http://nomisma.org/id/eugenius,Eugenius,Valentinians/Theodosus,http://numismatics.org/ocre/results?q=portrait_facet:%22Eugenius%22,http://numismatics.org/collectionimages/19001949/1944/1944.100.25368.obv.width350.jpg,,,,ANS AV example 1944.100.25368 not included in OCRE?,392 AD- 394 AD
http://nomisma.org/id/arcadius,Arcadius,East,http://numismatics.org/ocre/results?q=portrait_facet:%22Arcadius%22,http://numismatics.org/collectionimages/19501999/1968/1968.131.440.obv.width350.jpg|http://numismatics.org/collectionimages/19501999/1968/1968.131.443.obv.width350.jpg,,http://numismatics.org/collectionimages/19501999/1964/1964.187.1.obv.width350.jpg,http://numismatics.org/collectionimages/19001949/1944/1944.100.54793.obv.width350.jpg,No good AR examples found,395 AD- 408 AD
http://nomisma.org/id/aelia_eudoxia,Aelia Eudoxia,East,http://numismatics.org/ocre/results?q=portrait_facet:%22Aelia Eudoxia%22,http://numismatics.org/collectionimages/19001949/1948/1948.19.1945.obv.width350.jpg,,,http://numismatics.org/collectionimages/19501999/1956/1956.28.344.obv.width350.jpg,No AR images found. AE images found of not good quality,397 AD- 403 AD
http://nomisma.org/id/aelia_pulcheria,Aelia Pulcheria,East,http://numismatics.org/ocre/results?q=portrait_facet:%22Aelia Pulcheria%22,http://numismatics.org/collectionimages/19501999/1977/1977.158.988.obv.width350.jpg,,,http://numismatics.org/collectionimages/19501999/1977/1977.158.992.obv.width350.jpg,No AR and AE images found,414 AD- 457 AD
http://nomisma.org/id/theodosius_ii,Theodosius II,East,http://numismatics.org/ocre/results?q=portrait_facet:%22Theodosius II%22,http://numismatics.org/collectionimages/19501999/1968/1968.131.448.obv.width350.jpg|http://numismatics.org/collectionimages/19001949/1944/1944.100.54820.obv.width350.jpg|http://numismatics.org/collectionimages/19501999/1977/1977.158.984.obv.width350.jpg,http://numismatics.org/collectionimages/19001949/1944/1944.100.54830.obv.width350.jpg,http://numismatics.org/collectionimages/19001949/1944/1944.100.54825.obv.width350.jpg,http://numismatics.org/collectionimages/19501999/1994/1994.123.261.obv.width350.jpg,,397 AD- 450 AD
http://nomisma.org/id/aelia_eudocia,Aelia Eudocia,East,http://numismatics.org/ocre/results?q=portrait_facet:%22Aelia Eudocia%22,http://numismatics.org/collectionimages/19501999/1967/1967.153.187.obv.width350.jpg,,,,No AR and AE images found. No worn examples found,423 AD- 450 AD 
http://nomisma.org/id/marcian,Marcian,East,http://numismatics.org/ocre/results?q=portrait_facet:%22Marcian%22,http://numismatics.org/collectionimages/19001949/1946/1946.51.123.obv.width350.jpg,,,http://numismatics.org/collectionimages/19001949/1930/1930.198.373.obv.width350.jpg,No AR or good AE images found. ANS AR 1963.91.3  isn't included in OCRE and Mantis record hasn't been updated yet,450 AD- 457 AD
http://nomisma.org/id/leo_i,Leo I,East,http://numismatics.org/ocre/results?q=portrait_facet:%22Leo I%22,http://numismatics.org/collectionimages/19501999/1980/1980.109.230.obv.width350.jpg,,,http://numismatics.org/collectionimages/19001949/1944/1944.100.54980.obv.width350.jpg,No AR and good AE images found,457 AD- 475 AD
http://nomisma.org/id/aelia_verina,Aelia Verina,East,http://numismatics.org/ocre/results?q=portrait_facet:%22Aelia Verina%22,http://numismatics.org/collectionimages/19501999/1968/1968.131.507.obv.width350.jpg,,,,No AE images found with head-portrait on Obv.,462 AD- 474 AD 
http://nomisma.org/id/leo_ii,Leo II,East,http://numismatics.org/ocre/results?q=portrait_facet:%22Leo II%22,http://numismatics.org/collectionimages/19501999/1977/1977.158.1006.obv.width350.jpg,,,,No AE images found,457 AD- 474 AD
http://nomisma.org/id/basiliscus,Basiliscus,East,http://numismatics.org/ocre/results?q=portrait_facet:%22Basiliscus%22,http://numismatics.org/collectionimages/19501999/1968/1968.131.484.obv.width350.jpg|http://numismatics.org/collectionimages/19001949/1944/1944.100.54999.obv.width350.jpg,,,http://numismatics.org/collectionimages/19001949/1930/1930.198.1023.obv.width350.jpg,No AR and good AE images found,475 AD- 476 AD
http://nomisma.org/id/zeno,Zeno,East,http://numismatics.org/ocre/results?q=portrait_facet:%22Zeno%22,http://numismatics.org/collectionimages/19501999/1977/1977.158.1009.obv.width350.jpg|http://numismatics.org/collectionimages/19001949/1948/1948.19.1943.obv.width350.jpg,http://numismatics.org/collectionimages/19001949/1944/1944.100.14983.obv.width350.jpg,,http://numismatics.org/collectionimages/00001899/0000/0000.999.24039.obv.width350.jpg,AE examples found is the worn example,474 AD- 491 AD
http://nomisma.org/id/aelia_ariadne,Aelia Ariadne,East,http://numismatics.org/ocre/results?q=portrait_facet:%22Aelia Ariadne%22,,,,,AV (worn example) images found in BM,476 AD- 491 AD 
http://nomisma.org/id/leontius,Leontius,East,http://numismatics.org/ocre/results?q=portrait_facet:%22Leontius%22,,,,,No Examples found,484 AD-488 AD
http://nomisma.org/id/flavius_marcus,Flavius Marcus,Leonid,http://numismatics.org/ocre/results?q=portrait_facet:%22Flavius Marcus%22,http://numismatics.org/collectionimages/19001949/1944/1944.100.55000.obv.width350.jpg|http://numismatics.org/collectionimages/19501999/1968/1968.131.492.obv.width350.jpg,,,http://numismatics.org/collectionimages/19001949/1930/1930.198.314.obv.width350.jpg,No AR and good AE images found. There's not a portrait of Flavius Marcus alone but rather a Basilicus or Flavius Marcus,475 AD- 476 AD
http://nomisma.org/id/honorius,Honorius,West,http://numismatics.org/ocre/results?q=portrait_facet:%22Honorius%22,http://numismatics.org/collectionimages/19001949/1944/1944.100.54902.obv.width350.jpg|http://numismatics.org/collectionimages/19001949/1944/1944.100.54945.obv.width350.jpg,http://numismatics.org/collectionimages/19001949/1944/1944.100.54948.obv.width350.jpg,http://numismatics.org/collectionimages/19001949/1944/1944.100.54920.obv.width350.jpg,http://numismatics.org/collectionimages/19001949/1944/1944.100.54912.obv.width350.jpg,,395 AD- 423 AD
http://nomisma.org/id/constantine_iii,Constantine III,West,http://numismatics.org/ocre/results?q=portrait_facet:%22Constantine III%22,http://numismatics.org/collectionimages/19001949/1944/1944.100.54848.obv.width350.jpg,http://numismatics.org/collectionimages/19001949/1944/1944.100.54847.obv.width350.jpg,,http://numismatics.org/collectionimages/19001949/1944/1944.100.54845.obv.width350.jpg,No AE images found,407 AD- 411 AD
http://nomisma.org/id/priscus_attalus,Priscus Attalus,West,http://numismatics.org/ocre/results?q=portrait_facet:%22Priscus Attalus%22,,http://numismatics.org/collectionimages/19001949/1944/1944.100.54853.obv.width350.jpg,,,No AV and AE images found. No worn example found,409 AD- 415 AD
http://nomisma.org/id/maximus_barcelona,Maximus of Barcelona,West,http://numismatics.org/ocre/results?q=portrait_facet:%22Maximus of Barcelona%22,,,,,AR images found in BM. No AE images found,410 AD- 411 AD
http://nomisma.org/id/jovinus,Jovinus,West,http://numismatics.org/ocre/results?q=portrait_facet:%22Jovinus%22,,http://numismatics.org/collectionimages/19001949/1944/1944.100.54849.obv.width350.jpg,,http://numismatics.org/collectionimages/19001949/1944/1944.100.54852.obv.width350.jpg,No AV images found,411 AD- 413 AD
http://nomisma.org/id/sebastianus,Sebastianus,West,http://numismatics.org/ocre/results?q=portrait_facet:%22Sebastianus%22,,,,,No Examples found,411 AD- 413 AD
http://nomisma.org/id/constantius_iii,Constantius III,West,http://numismatics.org/ocre/results?q=portrait_facet:%22Constantius III%22,,,,,No Examples found,408 AD- 423 AD
http://nomisma.org/id/galla_placidia,Galla Placidia,West,http://numismatics.org/ocre/results?q=portrait_facet:%22Galla Placidia%22,http://numismatics.org/collectionimages/19501999/1967/1967.153.186.obv.width350.jpg|http://numismatics.org/collectionimages/19001949/1944/1944.100.55011.obv.width350.jpg,,,,No AR images found. AE image (worn example) found in BM,422 AD- 455 AD
http://nomisma.org/id/joannes,Joannes,West,http://numismatics.org/ocre/results?q=portrait_facet:%22Joannes%22,,,,http://numismatics.org/collectionimages/19001949/1944/1944.100.54855.obv.width350.jpg,No AR and AE images found. Only one worn AV image found,423 AD- 425 AD
http://nomisma.org/id/valentinian_iii,Valentinian III,West,http://numismatics.org/ocre/results?q=portrait_facet:%22Valentinian III%22,http://numismatics.org/collectionimages/19001949/1944/1944.100.54860.obv.width350.jpg|http://numismatics.org/collectionimages/19001949/1944/1944.100.54857.obv.width350.jpg,http://numismatics.org/collectionimages/19001949/1944/1944.100.77264.obv.width350.jpg,,http://numismatics.org/collectionimages/19001949/1944/1944.100.54871.obv.width350.jpg,No good AE examples found,425 AD- 457 AD
http://nomisma.org/id/grata_honoria,Grata Honoria,West,http://numismatics.org/ocre/results?q=portrait_facet:%22Grata Honoria%22,http://numismatics.org/collectionimages/19001949/1944/1944.100.55013.obv.width350.jpg,,,,No worn examples found,430 AD- 445 AD
http://nomisma.org/id/licinia_eudoxia,Licinia Eudoxia,West,http://numismatics.org/ocre/results?q=portrait_facet:%22Licinia Eudoxia%22,http://numismatics.org/collectionimages/19501999/1970/1970.201.1.obv.width350.jpg|http://numismatics.org/collectionimages/19501999/1980/1980.109.219.obv.width350.jpg,,,,No AR and worn images found,430 AD- 457 AD
http://nomisma.org/id/petronius_maximus,Petronius Maximus,West,http://numismatics.org/ocre/results?q=portrait_facet:%22Petronius Maximus%22,http://numismatics.org/collectionimages/19001949/1944/1944.100.54900.obv.width350.jpg,,,,ANS example 1944.100.54900 (ric.10.pet_max_w.2201) recently added. It needs to be uploaded to OCRE,455 AD
http://nomisma.org/id/avitus,Avitus,West,http://numismatics.org/ocre/results?q=portrait_facet:%22Avitus%22,http://numismatics.org/collectionimages/19501999/1961/1961.56.4.obv.width350.jpg,,,,No AR and AE images found,455 AD- 456 AD
http://nomisma.org/id/majorian,Majorian,West,http://numismatics.org/ocre/results?q=portrait_facet:%22Majorian%22,http://numismatics.org/collectionimages/19001949/1944/1944.100.54881.obv.width350.jpg,,,http://numismatics.org/collectionimages/19001949/1944/1944.100.54884.obv.width350.jpg,No AE images found. Only one worn AR image found,457 AD- 461 AD
http://nomisma.org/id/libius_severus,Libius Severus,West,http://numismatics.org/ocre/results?q=portrait_facet:%22Libius Severus%22,http://numismatics.org/collectionimages/19001949/1944/1944.100.54886.obv.width350.jpg,,,http://numismatics.org/collectionimages/19001949/1944/1944.100.54889.obv.width350.jpg,No AE images found,461 AD- 470 AD
http://nomisma.org/id/anthemius,Anthemius,West,http://numismatics.org/ocre/results?q=portrait_facet:%22Anthemius%22,http://numismatics.org/collectionimages/19001949/1944/1944.100.54892.obv.width350.jpg|http://numismatics.org/collectionimages/19001949/1944/1944.100.54893.obv.width350.jpg,,,,No AR and AE images found,467 AD- 472 AD
http://nomisma.org/id/euphemia,Euphemia,West,http://numismatics.org/ocre/results?q=portrait_facet:%22Euphemia%22,,,,,No AR images found. AV example found in BM,467 AD- 472 AD
http://nomisma.org/id/olybrius,Olybrius,West,http://numismatics.org/ocre/results?q=portrait_facet:%22Olybrius%22,,,,,No Examples found,472 AD
http://nomisma.org/id/glycerius,Glycerius,West,http://numismatics.org/ocre/results?q=portrait_facet:%22Glycerius%22,,,,,"No Examples found. New unpublished type, ric.10.glyc.not (1961.56.5, AV)",473 AD- 474 AD
http://nomisma.org/id/julius_nepos,Julius Nepos,West,http://numismatics.org/ocre/results?q=portrait_facet:%22Julius Nepos%22,http://numismatics.org/collectionimages/19001949/1947/1947.2.534.obv.width350.jpg,,,http://numismatics.org/collectionimages/19001949/1944/1944.100.54896.obv.width350.jpg,No AR and AE images found,474 AD- 480 AD
http://nomisma.org/id/romulus_augustulus,Romulus Augustulus,West,http://numismatics.org/ocre/results?q=portrait_facet:%22Romulus Augustulus%22,,,,http://numismatics.org/collectionimages/19001949/1944/1944.100.54897.obv.width350.jpg,No AR images found. Only one worn AV image found,475 AD- 476 AD
http://nomisma.org/id/odoacer,Odoacer,West,http://numismatics.org/ocre/results?q=portrait_facet:%22Odoacer%22,,,,,No Examples found,477 AD
